-- phpMyAdmin SQL Dump
-- version 5.1.1
-- https://www.phpmyadmin.net/
--
-- Host: 127.0.0.1
-- Generation Time: Jun 03, 2024 at 10:09 PM
-- Server version: 10.4.21-MariaDB
-- PHP Version: 7.3.31

SET SQL_MODE = "NO_AUTO_VALUE_ON_ZERO";
START TRANSACTION;
SET time_zone = "+00:00";


/*!40101 SET @OLD_CHARACTER_SET_CLIENT=@@CHARACTER_SET_CLIENT */;
/*!40101 SET @OLD_CHARACTER_SET_RESULTS=@@CHARACTER_SET_RESULTS */;
/*!40101 SET @OLD_COLLATION_CONNECTION=@@COLLATION_CONNECTION */;
/*!40101 SET NAMES utf8mb4 */;

--
-- Database: `university_db`
--

-- --------------------------------------------------------

--
-- Table structure for table `courses`
--

CREATE TABLE `courses` (
  `course_id` int(11) NOT NULL,
  `department_id` int(11) NOT NULL,
  `staff_id` int(11) NOT NULL,
  `name` varchar(100) NOT NULL,
  `description` text DEFAULT NULL,
  `code` varchar(19) DEFAULT NULL,
  `image` varchar(255) DEFAULT NULL
) ENGINE=InnoDB DEFAULT CHARSET=utf8mb4;

--
-- Dumping data for table `courses`
--

INSERT INTO `courses` (`course_id`, `department_id`, `staff_id`, `name`, `description`, `code`, `image`) VALUES
(1, 1, 1, 'Quantum Mechanics', 'An in-depth study of quantum theory and applications.', 'PHY101', 'https://via.placeholder.com/200x200'),
(2, 1, 1, 'Advanced Quantum Mechanics', 'Further exploration of quantum mechanics focusing on complex systems.', 'PHY201', 'https://via.placeholder.com/200x200'),
(3, 1, 2, 'Classical Mechanics', 'Fundamentals of classical mechanics with practical applications.', 'PHY102', 'https://via.placeholder.com/200x200'),
(4, 1, 2, 'Electromagnetism', 'A study of electric and magnetic fields and their interactions.', 'PHY103', 'https://via.placeholder.com/200x200'),
(5, 1, 2, 'Thermodynamics', 'Principles of thermodynamics and statistical mechanics.', 'PHY104', 'https://via.placeholder.com/200x200'),
(6, 1, 1, 'Particle Physics', 'Introduction to the field of particle physics and elementary particles.', 'PHY202', 'https://via.placeholder.com/200x200'),
(7, 2, 3, 'Organic Chemistry', 'Study of the structure, properties, and reactions of organic compounds.', 'CHEM101', 'https://via.placeholder.com/200x200'),
(8, 2, 3, 'Advanced Organic Chemistry', 'In-depth analysis of organic reactions and mechanisms.', 'CHEM201', 'https://via.placeholder.com/200x200'),
(9, 2, 4, 'Inorganic Chemistry', 'Study of inorganic compounds and materials.', 'CHEM102', 'https://via.placeholder.com/200x200'),
(10, 2, 4, 'Physical Chemistry', 'Examination of the physical principles underlying chemical systems.', 'CHEM103', 'https://via.placeholder.com/200x200'),
(11, 2, 5, 'Environmental Chemistry', 'Focus on chemical processes in the environment.', 'CHEM104', 'https://via.placeholder.com/200x200'),
(12, 2, 5, 'Analytical Chemistry', 'Techniques and principles of chemical analysis.', 'CHEM202', 'https://via.placeholder.com/200x200'),
(13, 3, 6, 'Molecular Biology', 'Detailed study of the molecular mechanisms of biological processes.', 'BIO101', 'https://via.placeholder.com/200x200'),
(14, 3, 6, 'Genetic Research', 'Exploration of genetic research techniques and findings.', 'BIO201', 'https://via.placeholder.com/200x200'),
(15, 3, 7, 'Cell Biology', 'Comprehensive overview of cell structure and function.', 'BIO102', 'https://via.placeholder.com/200x200'),
(16, 3, 7, 'Microbiology', 'Study of microorganisms and their impact on humans.', 'BIO103', 'https://via.placeholder.com/200x200'),
(17, 3, 8, 'Ecology', 'Examination of ecological principles and ecosystems.', 'BIO104', 'https://via.placeholder.com/200x200'),
(18, 3, 8, 'Biostatistics', 'Application of statistics to biological research.', 'BIO202', 'https://via.placeholder.com/200x200'),
(19, 4, 9, 'Medieval History', 'A comprehensive study of medieval European history.', 'HIST101', 'https://via.placeholder.com/200x200'),
(20, 4, 9, 'Renaissance History', 'Examination of the Renaissance period and its impact.', 'HIST201', 'https://via.placeholder.com/200x200'),
(21, 4, 10, 'Modern History', 'Overview of significant events in modern history.', 'HIST102', 'https://via.placeholder.com/200x200'),
(22, 4, 10, 'World War I & II', 'Detailed analysis of the World Wars and their global impact.', 'HIST103', 'https://via.placeholder.com/200x200'),
(23, 4, 11, 'Ancient Civilizations', 'Study of ancient civilizations and their contributions.', 'HIST104', 'https://via.placeholder.com/200x200'),
(24, 4, 11, 'History of the Americas', 'Exploration of the history of North and South America.', 'HIST202', 'https://via.placeholder.com/200x200'),
(25, 5, 12, 'Existentialism', 'In-depth study of existentialist philosophy.', 'PHIL101', 'https://via.placeholder.com/200x200'),
(26, 5, 12, 'Modern Philosophy', 'Examination of key figures and ideas in modern philosophy.', 'PHIL201', 'https://via.placeholder.com/200x200'),
(27, 5, 13, 'Ethics', 'Study of ethical theories and their applications.', 'PHIL102', 'https://via.placeholder.com/200x200'),
(28, 5, 13, 'Political Philosophy', 'Exploration of philosophical ideas about politics and society.', 'PHIL103', 'https://via.placeholder.com/200x200'),
(29, 5, 14, 'Metaphysics', 'Examination of the fundamental nature of reality.', 'PHIL104', 'https://via.placeholder.com/200x200'),
(30, 5, 14, 'Philosophy of Mind', 'Study of philosophical issues related to the mind and consciousness.', 'PHIL202', 'https://via.placeholder.com/200x200'),
(31, 6, 15, 'Linguistics', 'Introduction to the scientific study of language.', 'LANG101', 'https://via.placeholder.com/200x200'),
(32, 6, 15, 'Advanced Linguistics', 'In-depth analysis of linguistic theories and methods.', 'LANG201', 'https://via.placeholder.com/200x200'),
(33, 6, 16, 'Language Acquisition', 'Study of how people learn languages.', 'LANG102', 'https://via.placeholder.com/200x200'),
(34, 6, 16, 'Applied Linguistics', 'Application of linguistic knowledge in various fields.', 'LANG103', 'https://via.placeholder.com/200x200'),
(35, 6, 17, 'Sociolinguistics', 'Examination of the relationship between language and society.', 'LANG104', 'https://via.placeholder.com/200x200'),
(36, 6, 17, 'Language Policy', 'Study of the development and implementation of language policies.', 'LANG202', 'https://via.placeholder.com/200x200'),
(37, 7, 18, 'Robotics', 'Study of robotic systems and their applications.', 'MECH101', 'https://via.placeholder.com/200x200'),
(38, 7, 18, 'Advanced Robotics', 'In-depth exploration of robotic technologies and their development.', 'MECH201', 'https://via.placeholder.com/200x200'),
(39, 7, 19, 'Industrial Engineering', 'Principles and practices of industrial engineering.', 'MECH102', 'https://via.placeholder.com/200x200'),
(40, 7, 19, 'Manufacturing Processes', 'Study of manufacturing techniques and processes.', 'MECH103', 'https://via.placeholder.com/200x200'),
(41, 7, 20, 'Thermodynamics', 'Examination of the principles of thermodynamics.', 'MECH104', 'https://via.placeholder.com/200x200'),
(42, 7, 20, 'Fluid Mechanics', 'Study of fluid behavior and its applications.', 'MECH202', 'https://via.placeholder.com/200x200'),
(43, 8, 21, 'Structural Engineering', 'Study of the principles of structural engineering.', 'CIVIL101', 'https://via.placeholder.com/200x200'),
(44, 8, 21, 'Advanced Structural Engineering', 'In-depth analysis of structural engineering techniques.', 'CIVIL201', 'https://via.placeholder.com/200x200'),
(45, 8, 22, 'Environmental Engineering', 'Study of environmental engineering principles.', 'CIVIL102', 'https://via.placeholder.com/200x200'),
(46, 8, 22, 'Sustainable Development', 'Focus on sustainable development practices.', 'CIVIL103', 'https://via.placeholder.com/200x200'),
(47, 8, 23, 'Geotechnical Engineering', 'Study of soil mechanics and geotechnical engineering.', 'CIVIL104', 'https://via.placeholder.com/200x200'),
(48, 8, 23, 'Advanced Geotechnical Engineering', 'In-depth analysis of geotechnical engineering techniques.', 'CIVIL202', 'https://via.placeholder.com/200x200'),
(49, 9, 24, 'Circuit Analysis', 'Study of electric circuits and their analysis.', 'ELEC101', 'https://via.placeholder.com/200x200'),
(50, 9, 24, 'Advanced Circuit Analysis', 'In-depth analysis of complex electrical circuits.', 'ELEC201', 'https://via.placeholder.com/200x200'),
(51, 9, 25, 'Digital Systems', 'Study of digital systems and their applications.', 'ELEC102', 'https://via.placeholder.com/200x200'),
(52, 9, 25, 'Control Systems', 'Examination of control systems and their design.', 'ELEC103', 'https://via.placeholder.com/200x200'),
(53, 9, 26, 'Power Systems', 'Study of electrical power systems and their components.', 'ELEC104', 'https://via.placeholder.com/200x200'),
(54, 9, 26, 'Renewable Energy Systems', 'Focus on renewable energy technologies and their applications.', 'ELEC202', 'https://via.placeholder.com/200x200'),
(55, 10, 27, 'Minimally Invasive Surgery', 'Advanced techniques in minimally invasive surgical procedures.', 'SUR501', 'https://via.placeholder.com/200x200'),
(56, 10, 28, 'General Surgery', 'Comprehensive overview of general surgical practices.', 'SUR502', 'https://via.placeholder.com/200x200'),
(57, 10, 29, 'Cardiovascular Surgery', 'Innovative procedures in cardiovascular surgery.', 'SUR503', 'https://via.placeholder.com/200x200'),
(58, 10, 27, 'Surgical Anatomy', 'Detailed study of human anatomy for surgical applications.', 'SUR504', 'https://via.placeholder.com/200x200'),
(59, 10, 28, 'Surgical Techniques', 'Hands-on training in various surgical techniques.', 'SUR505', 'https://via.placeholder.com/200x200'),
(60, 10, 29, 'Patient-Centered Surgery', 'Approaches to patient-centered care in surgery.', 'SUR506', 'https://via.placeholder.com/200x200'),
(61, 11, 30, 'Developmental Pediatrics', 'Study of developmental disorders in children.', 'PED501', 'https://via.placeholder.com/200x200'),
(62, 11, 31, 'Child Health', 'Comprehensive overview of child health care.', 'PED502', 'https://via.placeholder.com/200x200'),
(63, 11, 32, 'Pediatric Infectious Diseases', 'Study of infectious diseases in children.', 'PED503', 'https://via.placeholder.com/200x200'),
(64, 11, 30, 'Pediatric Nutrition', 'Nutritional needs and guidelines for children.', 'PED504', 'https://via.placeholder.com/200x200'),
(65, 11, 31, 'Clinical Pediatrics', 'Clinical approaches in pediatric care.', 'PED505', 'https://via.placeholder.com/200x200'),
(66, 11, 32, 'Pediatric Research', 'Research methodologies in pediatrics.', 'PED506', 'https://via.placeholder.com/200x200'),
(67, 12, 33, 'Mood Disorders', 'In-depth study of mood disorders and treatments.', 'PSY501', 'https://via.placeholder.com/200x200'),
(68, 12, 35, 'Adolescent Psychiatry', 'Psychiatric care for adolescents.', 'PSY502', 'https://via.placeholder.com/200x200'),
(69, 12, 34, 'Clinical Psychiatry', 'Clinical practices in psychiatric care.', 'PSY503', 'https://via.placeholder.com/200x200'),
(70, 12, 33, 'Psychiatric Research', 'Research methodologies in psychiatry.', 'PSY504', 'https://via.placeholder.com/200x200'),
(71, 12, 34, 'Psychopharmacology', 'Study of medications used in psychiatric treatment.', 'PSY505', 'https://via.placeholder.com/200x200'),
(72, 12, 35, 'Cognitive Behavioral Therapy', 'Principles and applications of CBT.', 'PSY506', 'https://via.placeholder.com/200x200'),
(73, 13, 36, 'Constitutional Law', 'Study of constitutional principles and case law.', 'LAW501', 'https://via.placeholder.com/200x200'),
(74, 13, 37, 'Public Policy', 'Legal aspects of public policy development.', 'LAW502', 'https://via.placeholder.com/200x200'),
(75, 13, 36, 'Administrative Law', 'Regulation of government agencies and their actions.', 'LAW503', 'https://via.placeholder.com/200x200'),
(76, 13, 37, 'Human Rights Law', 'Legal frameworks for the protection of human rights.', 'LAW504', 'https://via.placeholder.com/200x200'),
(77, 13, 36, 'Environmental Law', 'Legal principles related to environmental protection.', 'LAW505', 'https://via.placeholder.com/200x200'),
(78, 13, 37, 'Public International Law', 'Principles of international public law.', 'LAW506', 'https://via.placeholder.com/200x200'),
(79, 14, 38, 'Contract Law', 'Fundamentals of contract formation and enforcement.', 'LAW507', 'https://via.placeholder.com/200x200'),
(80, 14, 39, 'Property Law', 'Legal principles governing property ownership and use.', 'LAW508', 'https://via.placeholder.com/200x200'),
(81, 14, 38, 'Family Law', 'Laws regulating family relationships and disputes.', 'LAW509', 'https://via.placeholder.com/200x200'),
(82, 14, 39, 'Commercial Law', 'Legal aspects of business and commerce.', 'LAW510', 'https://via.placeholder.com/200x200'),
(83, 14, 38, 'Intellectual Property Law', 'Protection of intellectual property rights.', 'LAW511', 'https://via.placeholder.com/200x200'),
(84, 14, 39, 'Tort Law', 'Legal remedies for civil wrongs.', 'LAW512', 'https://via.placeholder.com/200x200'),
(85, 15, 40, 'International Trade Law', 'Regulation of international trade and commerce.', 'LAW513', 'https://via.placeholder.com/200x200'),
(86, 15, 41, 'International Human Rights Law', 'Legal frameworks for international human rights.', 'LAW514', 'https://via.placeholder.com/200x200'),
(87, 15, 40, 'Law of the Sea', 'Legal principles governing maritime activities.', 'LAW515', 'https://via.placeholder.com/200x200'),
(88, 15, 41, 'International Criminal Law', 'Prosecution and defense of international crimes.', 'LAW516', 'https://via.placeholder.com/200x200'),
(89, 15, 40, 'Diplomatic Law', 'Legal aspects of diplomacy and international relations.', 'LAW517', 'https://via.placeholder.com/200x200'),
(90, 15, 41, 'International Environmental Law', 'Legal principles for environmental protection globally.', 'LAW518', 'https://via.placeholder.com/200x200'),
(91, 16, 42, 'Forensic Accounting', 'Study of financial fraud detection and prevention.', 'ACC501', 'https://via.placeholder.com/200x200'),
(92, 16, 43, 'Advanced Financial Accounting', 'In-depth analysis of financial accounting standards and practices.', 'ACC502', 'https://via.placeholder.com/200x200'),
(93, 16, 43, 'Cost Accounting', 'Introduction to cost accounting principles and techniques.', 'ACC503', 'https://via.placeholder.com/200x200'),
(94, 16, 42, 'International Accounting', 'Accounting principles and practices in an international context.', 'ACC504', 'https://via.placeholder.com/200x200'),
(95, 16, 43, 'Taxation', 'Comprehensive study of tax systems and their application.', 'ACC505', 'https://via.placeholder.com/200x200'),
(96, 16, 42, 'Auditing', 'Principles and practices of auditing.', 'ACC506', 'https://via.placeholder.com/200x200'),
(97, 17, 44, 'Strategic Management', 'Study of strategy formulation and implementation.', 'MGT501', 'https://via.placeholder.com/200x200'),
(98, 17, 44, 'Organizational Behavior', 'Examination of individual and group behavior in organizations.', 'MGT502', 'https://via.placeholder.com/200x200'),
(99, 17, 45, 'Human Resource Management', 'Introduction to HRM practices and policies.', 'MGT503', 'https://via.placeholder.com/200x200'),
(100, 17, 44, 'Leadership and Management', 'Exploration of leadership theories and practices.', 'MGT504', 'https://via.placeholder.com/200x200'),
(101, 17, 45, 'Project Management', 'Principles of planning, executing, and closing projects.', 'MGT505', 'https://via.placeholder.com/200x200'),
(102, 17, 45, 'Business Ethics', 'Study of ethical issues in business.', 'MGT506', 'https://via.placeholder.com/200x200'),
(103, 18, 46, 'Financial Markets', 'Overview of financial markets and instruments.', 'FIN501', 'https://via.placeholder.com/200x200'),
(104, 18, 47, 'Corporate Finance', 'Study of corporate financial management.', 'FIN502', 'https://via.placeholder.com/200x200'),
(105, 18, 46, 'Investment Analysis', 'Principles of investment analysis and portfolio management.', 'FIN503', 'https://via.placeholder.com/200x200'),
(106, 18, 46, 'International Finance', 'Study of financial management in an international context.', 'FIN504', 'https://via.placeholder.com/200x200'),
(107, 18, 47, 'Financial Risk Management', 'Strategies for managing financial risks.', 'FIN505', 'https://via.placeholder.com/200x200'),
(108, 18, 47, 'Behavioral Finance', 'Study of psychological influences on financial decision-making.', 'FIN506', 'https://via.placeholder.com/200x200'),
(109, 19, 48, 'Curriculum Design', 'Principles of curriculum design and development.', 'EDU501', 'https://via.placeholder.com/200x200'),
(110, 19, 48, 'Instructional Strategies', 'Effective instructional strategies for diverse classrooms.', 'EDU502', 'https://via.placeholder.com/200x200'),
(111, 19, 49, 'Educational Assessment', 'Methods of educational assessment and evaluation.', 'EDU503', 'https://via.placeholder.com/200x200'),
(112, 19, 48, 'Curriculum Innovation', 'Innovative approaches to curriculum development.', 'EDU504', 'https://via.placeholder.com/200x200'),
(113, 19, 49, 'Policy and Practice', 'Examination of educational policy and its impact on practice.', 'EDU505', 'https://via.placeholder.com/200x200'),
(114, 19, 49, 'Technology in Education', 'Integration of technology in educational settings.', 'EDU506', 'https://via.placeholder.com/200x200'),
(115, 20, 50, 'Cognitive Development', 'Study of cognitive development in children and adolescents.', 'EDP501', 'https://via.placeholder.com/200x200'),
(116, 20, 50, 'Learning Theories', 'Examination of major theories of learning.', 'EDP502', 'https://via.placeholder.com/200x200'),
(117, 20, 51, 'Educational Assessment', 'Methods and tools for assessing student learning.', 'EDP503', 'https://via.placeholder.com/200x200'),
(118, 20, 50, 'Motivation in Education', 'Study of motivational theories and their application in education.', 'EDP504', 'https://via.placeholder.com/200x200'),
(119, 20, 51, 'Classroom Management', 'Strategies for effective classroom management.', 'EDP505', 'https://via.placeholder.com/200x200'),
(120, 20, 51, 'Special Education Needs', 'Overview of special educational needs and inclusive practices.', 'EDP506', 'https://via.placeholder.com/200x200'),
(121, 21, 52, 'Inclusive Education', 'Principles and practices of inclusive education.', 'SED501', 'https://via.placeholder.com/200x200'),
(122, 21, 52, 'Disability Studies', 'Examination of disability from a social and educational perspective.', 'SED502', 'https://via.placeholder.com/200x200'),
(123, 21, 53, 'Assistive Technology', 'Use of assistive technology in special education.', 'SED503', 'https://via.placeholder.com/200x200'),
(124, 21, 52, 'Behavioral Interventions', 'Behavioral strategies for students with special needs.', 'SED504', 'https://via.placeholder.com/200x200'),
(125, 21, 53, 'Special Education Law', 'Legal aspects of special education.', 'SED505', 'https://via.placeholder.com/200x200'),
(126, 21, 53, 'Collaboration and Teaming', 'Collaborative practices in special education.', 'SED506', 'https://via.placeholder.com/200x200'),
(127, 22, 54, 'Social Inequality', 'Study of social inequality and stratification.', 'SOC501', 'https://via.placeholder.com/200x200'),
(128, 22, 54, 'Sociological Theory', 'Examination of classical and contemporary sociological theories.', 'SOC502', 'https://via.placeholder.com/200x200'),
(129, 22, 55, 'Research Methods', 'Introduction to sociological research methods.', 'SOC503', 'https://via.placeholder.com/200x200'),
(130, 22, 54, 'Urban Sociology', 'Study of urbanization and urban life.', 'SOC504', 'https://via.placeholder.com/200x200'),
(131, 22, 55, 'Gender Studies', 'Exploration of gender in society.', 'SOC505', 'https://via.placeholder.com/200x200'),
(132, 22, 55, 'Globalization', 'Examination of globalization and its social impact.', 'SOC506', 'https://via.placeholder.com/200x200'),
(133, 23, 56, 'Political Theory', 'Study of political theories and ideologies.', 'POL501', 'https://via.placeholder.com/200x200'),
(134, 23, 57, 'Comparative Politics', 'Examination of political systems and governance in different countries.', 'POL502', 'https://via.placeholder.com/200x200'),
(135, 23, 56, 'International Relations', 'Study of international relations and global politics.', 'POL503', 'https://via.placeholder.com/200x200'),
(136, 23, 57, 'Public Policy', 'Analysis of public policy processes and implementation.', 'POL504', 'https://via.placeholder.com/200x200'),
(137, 23, 56, 'Political Economy', 'Study of the relationship between politics and economics.', 'POL505', 'https://via.placeholder.com/200x200'),
(138, 23, 57, 'Government and Politics', 'Examination of governmental structures and political processes.', 'POL506', 'https://via.placeholder.com/200x200'),
(139, 24, 58, 'Cultural Anthropology', 'Study of cultural practices and beliefs.', 'ANT501', 'https://via.placeholder.com/200x200'),
(140, 24, 59, 'Archaeological Methods', 'Introduction to archaeological methods and techniques.', 'ANT502', 'https://via.placeholder.com/200x200'),
(141, 24, 58, 'Anthropological Theory', 'Examination of key theoretical frameworks in anthropology.', 'ANT503', 'https://via.placeholder.com/200x200'),
(142, 24, 58, 'Ethnography', 'Methods and practices of ethnographic research.', 'ANT504', 'https://via.placeholder.com/200x200'),
(143, 24, 59, 'Human Evolution', 'Study of human biological and cultural evolution.', 'ANT505', 'https://via.placeholder.com/200x200'),
(144, 24, 59, 'Anthropology of Religion', 'Examination of religious beliefs and practices across cultures.', 'ANT506', 'https://via.placeholder.com/200x200'),
(145, 25, 60, 'Sustainable Agriculture', 'Principles and practices of sustainable agriculture.', 'CRP501', 'https://via.placeholder.com/200x200'),
(146, 25, 60, 'Plant Breeding', 'Techniques and principles of plant breeding.', 'CRP502', 'https://via.placeholder.com/200x200'),
(147, 25, 61, 'Crop Physiology', 'Study of physiological processes in crop plants.', 'CRP503', 'https://via.placeholder.com/200x200'),
(148, 25, 60, 'Soil Fertility', 'Management of soil fertility and plant nutrition.', 'CRP504', 'https://via.placeholder.com/200x200'),
(149, 25, 61, 'Pest Management', 'Integrated pest management strategies.', 'CRP505', 'https://via.placeholder.com/200x200'),
(150, 25, 61, 'Agroecology', 'Ecological principles applied to agricultural systems.', 'CRP506', 'https://via.placeholder.com/200x200'),
(151, 26, 62, 'Animal Nutrition', 'Principles of animal nutrition and feed formulation.', 'ANS501', 'https://via.placeholder.com/200x200'),
(152, 26, 63, 'Livestock Management', 'Techniques and practices in livestock management.', 'ANS502', 'https://via.placeholder.com/200x200'),
(153, 26, 62, 'Animal Genetics', 'Study of genetic principles in animal breeding.', 'ANS503', 'https://via.placeholder.com/200x200'),
(154, 26, 63, 'Animal Health', 'Introduction to animal health and veterinary science.', 'ANS504', 'https://via.placeholder.com/200x200'),
(155, 26, 62, 'Dairy Science', 'Study of dairy production and management.', 'ANS505', 'https://via.placeholder.com/200x200'),
(156, 26, 63, 'Poultry Science', 'Principles and practices of poultry production.', 'ANS506', 'https://via.placeholder.com/200x200'),
(157, 27, 64, 'Soil Chemistry', 'Chemical properties and processes in soils.', 'SSL501', 'https://via.placeholder.com/200x200'),
(158, 27, 64, 'Soil Physics', 'Physical properties and processes of soil.', 'SSL502', 'https://via.placeholder.com/200x200'),
(159, 27, 65, 'Soil Fertility Management', 'Techniques for managing soil fertility.', 'SSL503', 'https://via.placeholder.com/200x200'),
(160, 27, 64, 'Soil Conservation', 'Principles and practices of soil conservation.', 'SSL504', 'https://via.placeholder.com/200x200'),
(161, 27, 65, 'Environmental Soil Science', 'Impact of soils on the environment.', 'SSL505', 'https://via.placeholder.com/200x200'),
(162, 27, 65, 'Soil Microbiology', 'Study of microorganisms in soil.', 'SSL506', 'https://via.placeholder.com/200x200'),
(163, 28, 66, 'Environmental Impact Assessment', 'Methods for assessing environmental impacts.', 'ENV501', 'https://via.placeholder.com/200x200'),
(164, 28, 66, 'Sustainability Management', 'Principles of sustainability and their application.', 'ENV502', 'https://via.placeholder.com/200x200'),
(165, 28, 67, 'Environmental Policy', 'Study of environmental policy-making processes.', 'ENV503', 'https://via.placeholder.com/200x200'),
(166, 28, 66, 'Climate Change', 'Examination of climate change and its impacts.', 'ENV504', 'https://via.placeholder.com/200x200'),
(167, 28, 67, 'Waste Management', 'Techniques and practices in waste management.', 'ENV505', 'https://via.placeholder.com/200x200'),
(168, 28, 67, 'Environmental Law', 'Legal frameworks for environmental protection.', 'ENV506', 'https://via.placeholder.com/200x200'),
(169, 29, 68, 'Forest Ecology', 'Study of ecological processes in forests.', 'FOR501', 'https://via.placeholder.com/200x200'),
(170, 29, 68, 'Silviculture', 'Principles and practices of silviculture.', 'FOR502', 'https://via.placeholder.com/200x200'),
(171, 29, 69, 'Forest Management', 'Techniques for managing forest resources.', 'FOR503', 'https://via.placeholder.com/200x200'),
(172, 29, 68, 'Forest Conservation', 'Principles of forest conservation and protection.', 'FOR504', 'https://via.placeholder.com/200x200'),
(173, 29, 69, 'Urban Forestry', 'Study of forestry practices in urban environments.', 'FOR505', 'https://via.placeholder.com/200x200'),
(174, 29, 69, 'Forest Policy', 'Examination of policies affecting forest management.', 'FOR506', 'https://via.placeholder.com/200x200'),
(175, 30, 70, 'Wildlife Ecology', 'Study of ecological principles in wildlife management.', 'WLD501', 'https://via.placeholder.com/200x200'),
(176, 30, 70, 'Conservation Biology', 'Principles of conservation biology and its application.', 'WLD502', 'https://via.placeholder.com/200x200'),
(177, 30, 71, 'Wildlife Habitat Management', 'Techniques for managing wildlife habitats.', 'WLD503', 'https://via.placeholder.com/200x200'),
(178, 30, 71, 'Wildlife Law', 'Legal frameworks for wildlife protection.', 'WLD504', 'https://via.placeholder.com/200x200'),
(179, 30, 70, 'Wildlife Research Methods', 'Methods for conducting wildlife research.', 'WLD505', 'https://via.placeholder.com/200x200'),
(180, 30, 71, 'Human-Wildlife Conflict', 'Study of conflicts between humans and wildlife and their resolution.', 'WLD506', 'https://via.placeholder.com/200x200'),
(181, 31, 72, 'Software Development', 'Principles of software development and lifecycle management.', 'SWE501', 'https://via.placeholder.com/200x200'),
(182, 31, 73, 'Systems Design', 'Advanced techniques in systems design and architecture.', 'SWE502', 'https://via.placeholder.com/200x200'),
(183, 31, 72, 'Agile Methodologies', 'Introduction to agile development methodologies.', 'SWE503', 'https://via.placeholder.com/200x200'),
(184, 31, 73, 'Software Testing', 'Principles and practices of software testing.', 'SWE504', 'https://via.placeholder.com/200x200'),
(185, 31, 72, 'Mobile App Development', 'Techniques for developing mobile applications.', 'SWE505', 'https://via.placeholder.com/200x200'),
(186, 31, 73, 'Cloud Computing', 'Study of cloud computing principles and practices.', 'SWE506', 'https://via.placeholder.com/200x200'),
(187, 32, 74, 'Information Systems Analysis', 'Techniques for analyzing information systems.', 'ISY501', 'https://via.placeholder.com/200x200'),
(188, 32, 75, 'Database Management', 'Principles of database design and management.', 'ISY502', 'https://via.placeholder.com/200x200'),
(189, 32, 74, 'IT Project Management', 'Introduction to IT project management practices.', 'ISY503', 'https://via.placeholder.com/200x200'),
(190, 32, 75, 'Enterprise Systems', 'Study of enterprise resource planning systems.', 'ISY504', 'https://via.placeholder.com/200x200'),
(191, 32, 74, 'Business Intelligence', 'Principles and practices of business intelligence.', 'ISY505', 'https://via.placeholder.com/200x200'),
(192, 32, 75, 'Information Security', 'Introduction to information security principles.', 'ISY506', 'https://via.placeholder.com/200x200'),
(193, 33, 76, 'Network Security', 'Principles of network security and protocols.', 'CYS501', 'https://via.placeholder.com/200x200'),
(194, 33, 77, 'Cybersecurity Management', 'Management practices in cybersecurity.', 'CYS502', 'https://via.placeholder.com/200x200'),
(195, 33, 76, 'Ethical Hacking', 'Introduction to ethical hacking techniques.', 'CYS503', 'https://via.placeholder.com/200x200'),
(196, 33, 77, 'Cryptography', 'Study of cryptographic principles and applications.', 'CYS504', 'https://via.placeholder.com/200x200'),
(197, 33, 76, 'Incident Response', 'Techniques for responding to cybersecurity incidents.', 'CYS505', 'https://via.placeholder.com/200x200'),
(198, 33, 77, 'Digital Forensics', 'Principles and practices of digital forensics.', 'CYS506', 'https://via.placeholder.com/200x200'),
(199, 34, 78, 'Investigative Journalism', 'Techniques and practices of investigative journalism.', 'JOU501', 'https://via.placeholder.com/200x200'),
(200, 34, 79, 'Broadcast Journalism', 'Principles and skills of broadcast journalism.', 'JOU502', 'https://via.placeholder.com/200x200'),
(201, 34, 78, 'Digital Journalism', 'Strategies for producing journalism in digital formats.', 'JOU503', 'https://via.placeholder.com/200x200'),
(202, 34, 79, 'Photojournalism', 'Techniques of visual storytelling in journalism.', 'JOU504', 'https://via.placeholder.com/200x200'),
(203, 34, 78, 'Ethics in Journalism', 'Ethical considerations in the practice of journalism.', 'JOU505', 'https://via.placeholder.com/200x200'),
(204, 34, 79, 'Journalism Writing', 'Skills for effective writing in journalistic contexts.', 'JOU506', 'https://via.placeholder.com/200x200'),
(205, 35, 80, 'Strategic PR Planning', 'Strategies for planning effective public relations campaigns.', 'PR501', 'https://via.placeholder.com/200x200'),
(206, 35, 81, 'Media Relations', 'Skills for managing relationships with the media.', 'PR502', 'https://via.placeholder.com/200x200'),
(207, 35, 80, 'Crisis Communication', 'Strategies for managing communication during crises.', 'PR503', 'https://via.placeholder.com/200x200'),
(208, 35, 81, 'Corporate PR', 'Practices of public relations within corporate contexts.', 'PR504', 'https://via.placeholder.com/200x200'),
(209, 35, 80, 'Social Media PR', 'Utilizing social media platforms for public relations purposes.', 'PR505', 'https://via.placeholder.com/200x200'),
(210, 35, 81, 'PR Campaign Management', 'Skills for managing PR campaigns from conception to execution.', 'PR506', 'https://via.placeholder.com/200x200'),
(211, 36, 82, 'Advertising Strategy', 'Development of effective advertising strategies.', 'ADV501', 'https://via.placeholder.com/200x200'),
(212, 36, 83, 'Digital Advertising', 'Utilizing digital platforms for advertising purposes.', 'ADV502', 'https://via.placeholder.com/200x200'),
(213, 36, 82, 'Branding and Identity', 'Building and managing brand identity.', 'ADV503', 'https://via.placeholder.com/200x200'),
(214, 36, 83, 'Creative Advertising', 'Techniques for creating compelling advertising content.', 'ADV504', 'https://via.placeholder.com/200x200'),
(215, 36, 82, 'Advertising Campaign Management', 'Skills for managing advertising campaigns.', 'ADV505', 'https://via.placeholder.com/200x200'),
(216, 36, 83, 'Consumer Behavior', 'Understanding consumer behavior for effective advertising.', 'ADV506', 'https://via.placeholder.com/200x200');

-- --------------------------------------------------------

--
-- Table structure for table `department`
--

CREATE TABLE `department` (
  `department_id` int(11) NOT NULL,
  `faculty_id` int(11) NOT NULL,
  `name` varchar(100) NOT NULL,
  `description` text DEFAULT NULL,
  `image` varchar(255) DEFAULT NULL,
  `fees` varchar(10) NOT NULL,
  `students` int(10) NOT NULL
) ENGINE=InnoDB DEFAULT CHARSET=utf8mb4;

--
-- Dumping data for table `department`
--

INSERT INTO `department` (`department_id`, `faculty_id`, `name`, `description`, `image`, `fees`, `students`) VALUES
(1, 1, 'Department of Physics', 'Description for Department of Physics', 'https://via.placeholder.com/300x200', '2500', 180),
(2, 1, 'Department of Chemistry', 'Description for Department of Chemistry', 'https://via.placeholder.com/300x200', '2000', 400),
(3, 1, 'Department of Biology', 'Description for Department of Biology', 'https://via.placeholder.com/300x200', '2500', 200),
(4, 2, 'Department of History', 'Description for Department of History', 'https://via.placeholder.com/300x200', '350', 1000),
(5, 2, 'Department of Philosophy', 'Description for Department of Philosophy', 'https://via.placeholder.com/300x200', '1500', 220),
(6, 2, 'Department of Languages', 'Description for Department of Languages', 'https://via.placeholder.com/300x200', '2000', 380),
(7, 3, 'Department of Mechanical Engineering', 'Description for Department of Mechanical Engineering', 'https://via.placeholder.com/300x200', '3500', 420),
(8, 3, 'Department of Civil Engineering', 'Description for Department of Civil Engineering', 'https://via.placeholder.com/300x200', '3000', 320),
(9, 3, 'Department of Electrical Engineering', 'Description for Department of Electrical Engineering', 'https://via.placeholder.com/300x200', '3500', 330),
(10, 4, 'Department of Surgery', 'Description for Department of Surgery', 'https://via.placeholder.com/300x200', '4000', 240),
(11, 4, 'Department of Pediatrics', 'Description for Department of Pediatrics', 'https://via.placeholder.com/300x200', '3800', 260),
(12, 4, 'Department of Psychiatry', 'Description for Department of Psychiatry', 'https://via.placeholder.com/300x200', '1200', 140),
(13, 5, 'Department of Public Law', 'Description for Department of Public Law', 'https://via.placeholder.com/300x200', '1000', 325),
(14, 5, 'Department of Private Law', 'Description for Department of Private Law', 'https://via.placeholder.com/300x200', '1000', 342),
(15, 5, 'Department of International Law', 'Description for Department of International Law', 'https://via.placeholder.com/300x200', '1000', 361),
(16, 6, 'Department of Accounting', 'Description for Department of Accounting', 'https://via.placeholder.com/300x200', '1800', 220),
(17, 6, 'Department of Management', 'Description for Department of Management', 'https://via.placeholder.com/300x200', '1900', 360),
(18, 6, 'Department of Finance', 'Description for Department of Finance', 'https://via.placeholder.com/300x200', '1500', 327),
(19, 7, 'Department of Curriculum Studies', 'Description for Department of Curriculum Studies', 'https://via.placeholder.com/300x200', '1000', 300),
(20, 7, 'Department of Educational Psychology', 'Description for Department of Educational Psychology', 'https://via.placeholder.com/300x200', '2250', 276),
(21, 7, 'Department of Special Education', 'Description for Department of Special Education', 'https://via.placeholder.com/300x200', '1000', 221),
(22, 8, 'Department of Sociology', 'Description for Department of Sociology', 'https://via.placeholder.com/300x200', '1250', 243),
(23, 8, 'Department of Political Science', 'Description for Department of Political Science', 'https://via.placeholder.com/300x200', '1700', 280),
(24, 8, 'Department of Anthropology', 'Description for Department of Anthropology', 'https://via.placeholder.com/300x200', '2100', 0),
(25, 9, 'Department of Crop Science', 'Description for Department of Crop Science', 'https://via.placeholder.com/300x200', '1500', 400),
(26, 9, 'Department of Animal Science', 'Description for Department of Animal Science', 'https://via.placeholder.com/300x200', '2100', 280),
(27, 9, 'Department of Soil Science', 'Description for Department of Soil Science', 'https://via.placeholder.com/300x200', '180', 1700),
(28, 10, 'Department of Environmental Management', 'Description for Department of Environmental Management', 'https://via.placeholder.com/300x200', '1000', 120),
(29, 10, 'Department of Forestry', 'Description for Department of Forestry', 'https://via.placeholder.com/300x200', '1200', 158),
(30, 10, 'Department of Wildlife Management', 'Description for Department of Wildlife Management', 'https://via.placeholder.com/300x200', '3000', 198),
(31, 11, 'Department of Software Engineering', 'Description for Department of Software Engineering', 'https://via.placeholder.com/300x200', '3500', 259),
(32, 11, 'Department of Information Systems', 'Description for Department of Information Systems', 'https://via.placeholder.com/300x200', '3000', 192),
(33, 11, 'Department of Cyber Security', 'Description for Department of Cyber Security', 'https://via.placeholder.com/300x200', '4000', 298),
(34, 12, 'Department of Journalism', 'Description for Department of Journalism', 'https://via.placeholder.com/300x200', '1400', 123),
(35, 12, 'Department of Public Relations', 'Description for Department of Public Relations', 'https://via.placeholder.com/300x200', '1500', 174),
(36, 12, 'Department of Advertising', 'Description for Department of Advertising', 'https://via.placeholder.com/300x200', '1500', 162);

-- --------------------------------------------------------

--
-- Table structure for table `faculty`
--

CREATE TABLE `faculty` (
  `faculty_id` int(11) NOT NULL,
  `name` varchar(100) NOT NULL,
  `description` text DEFAULT NULL,
  `image` varchar(255) DEFAULT NULL,
  `dean_name` varchar(200) NOT NULL DEFAULT 'Daniel Warner',
  `dean_image` varchar(200) NOT NULL DEFAULT 'http://via.placeholder.com/300x200',
  `dean_role` varchar(200) NOT NULL DEFAULT 'Dean'
) ENGINE=InnoDB DEFAULT CHARSET=utf8mb4;

--
-- Dumping data for table `faculty`
--

INSERT INTO `faculty` (`faculty_id`, `name`, `description`, `image`, `dean_name`, `dean_image`, `dean_role`) VALUES
(1, 'Faculty of Science', 'Description for Faculty of Science', 'https://via.placeholder.com/300x200', 'Daniel Warner', 'http://via.placeholder.com/300x200', 'Dean'),
(2, 'Faculty of Arts', 'Description for Faculty of Arts', 'https://via.placeholder.com/300x200', 'Daniel Warner', 'http://via.placeholder.com/300x200', 'Dean'),
(3, 'Faculty of Engineering', 'Description for Faculty of Engineering', 'https://via.placeholder.com/300x200', 'Daniel Warner', 'http://via.placeholder.com/300x200', 'Dean'),
(4, 'Faculty of Medicine', 'Description for Faculty of Medicine', 'https://via.placeholder.com/300x200', 'Daniel Warner', 'http://via.placeholder.com/300x200', 'Dean'),
(5, 'Faculty of Law', 'Description for Faculty of Law', 'https://via.placeholder.com/300x200', 'Daniel Warner', 'http://via.placeholder.com/300x200', 'Dean'),
(6, 'Faculty of Business', 'Description for Faculty of Business', 'https://via.placeholder.com/300x200', 'Daniel Warner', 'http://via.placeholder.com/300x200', 'Dean'),
(7, 'Faculty of Education', 'Description for Faculty of Education', 'https://via.placeholder.com/300x200', 'Daniel Warner', 'http://via.placeholder.com/300x200', 'Dean'),
(8, 'Faculty of Social Sciences', 'Description for Faculty of Social Sciences', 'https://via.placeholder.com/300x200', 'Daniel Warner', 'http://via.placeholder.com/300x200', 'Dean'),
(9, 'Faculty of Agriculture', 'Description for Faculty of Agriculture', 'https://via.placeholder.com/300x200', 'Daniel Warner', 'http://via.placeholder.com/300x200', 'Dean'),
(10, 'Faculty of Environmental Sciences', 'Description for Faculty of Environmental Sciences', 'https://via.placeholder.com/300x200', 'Daniel Warner', 'http://via.placeholder.com/300x200', 'Dean'),
(11, 'Faculty of Computer Science', 'Description for Faculty of Computer Science', 'https://via.placeholder.com/300x200', 'Daniel Warner', 'http://via.placeholder.com/300x200', 'Dean'),
(12, 'Faculty of Communication', 'Description for Faculty of Communication', 'https://via.placeholder.com/300x200', 'Daniel Warner', 'http://via.placeholder.com/300x200', 'Dean');

-- --------------------------------------------------------

--
-- Table structure for table `materials`
--

CREATE TABLE `materials` (
  `material_id` int(11) NOT NULL,
  `course_id` int(11) NOT NULL,
  `staff_id` int(11) DEFAULT NULL,
  `title` varchar(255) NOT NULL,
  `description` text DEFAULT NULL,
  `file_path` varchar(255) DEFAULT NULL,
  `thumbnail` varchar(100) NOT NULL
) ENGINE=InnoDB DEFAULT CHARSET=utf8mb4;

--
-- Dumping data for table `materials`
--

INSERT INTO `materials` (`material_id`, `course_id`, `staff_id`, `title`, `description`, `file_path`, `thumbnail`) VALUES
(122, 1, NULL, 'Quantum Mechanics Lecture Notes', 'Comprehensive lecture notes covering quantum mechanics topics.', 'http://example.com/quantum_mechanics_notes.pdf', 'https://via.placeholder.com/200x200'),
(123, 2, NULL, 'Advanced Quantum Mechanics Textbook', 'Textbook providing advanced insights into quantum mechanics principles.', 'http://example.com/advanced_quantum_mechanics_textbook.pdf', 'https://via.placeholder.com/200x200'),
(124, 3, NULL, 'Classical Mechanics Problem Sets', 'Collection of problem sets to enhance understanding of classical mechanics.', 'http://example.com/classical_mechanics_problems.pdf', 'https://via.placeholder.com/200x200'),
(125, 4, NULL, 'Electromagnetism Laboratory Manual', 'Laboratory manual for conducting electromagnetism experiments.', 'http://example.com/electromagnetism_lab_manual.pdf', 'https://via.placeholder.com/200x200'),
(126, 5, NULL, 'Thermodynamics Research Paper', 'Research paper exploring recent advancements in thermodynamics.', 'http://example.com/thermodynamics_research_paper.pdf', 'https://via.placeholder.com/200x200'),
(127, 6, NULL, 'Particle Physics Presentation Slides', 'Presentation slides summarizing key concepts in particle physics.', 'http://example.com/particle_physics_presentation.pdf', 'https://via.placeholder.com/200x200'),
(128, 7, NULL, 'Organic Chemistry Study Guide', 'Study guide covering essential topics in organic chemistry.', 'http://example.com/organic_chemistry_study_guide.pdf', 'https://via.placeholder.com/200x200'),
(129, 8, NULL, 'Advanced Organic Chemistry Laboratory Handbook', 'Handbook detailing advanced organic chemistry laboratory procedures.', 'http://example.com/advanced_organic_chemistry_lab_handbook.pdf', 'https://via.placeholder.com/200x200'),
(130, 9, NULL, 'Inorganic Chemistry Research Article', 'Research article discussing recent developments in inorganic chemistry.', 'http://example.com/inorganic_chemistry_research_article.pdf', 'https://via.placeholder.com/200x200'),
(131, 10, NULL, 'Physical Chemistry Lecture Videos', 'Series of lecture videos covering physical chemistry topics.', 'http://example.com/physical_chemistry_lecture_videos.pdf', 'https://via.placeholder.com/200x200'),
(132, 11, NULL, 'Environmental Chemistry Case Studies', 'Case studies exploring real-world applications of environmental chemistry.', 'http://example.com/environmental_chemistry_case_studies.pdf', 'https://via.placeholder.com/200x200'),
(133, 12, NULL, 'Analytical Chemistry Data Analysis Workbook', 'Workbook for practicing data analysis techniques in analytical chemistry.', 'http://example.com/analytical_chemistry_data_analysis_workbook.pdf', 'https://via.placeholder.com/200x200'),
(134, 13, NULL, 'Molecular Biology Textbook', 'Comprehensive textbook covering molecular biology principles.', 'http://example.com/molecular_biology_textbook.pdf', 'https://via.placeholder.com/200x200'),
(135, 14, NULL, 'Genetic Research Journal Articles', 'Collection of journal articles discussing recent genetic research findings.', 'http://example.com/genetic_research_journal_articles.pdf', 'https://via.placeholder.com/200x200'),
(136, 15, NULL, 'Cell Biology Lecture Notes', 'Detailed lecture notes covering cell biology topics.', 'http://example.com/cell_biology_lecture_notes.pdf', 'https://via.placeholder.com/200x200'),
(137, 16, NULL, 'Microbiology Lab Protocols', 'Protocols for conducting microbiology experiments in the laboratory.', 'http://example.com/microbiology_lab_protocols.pdf', 'https://via.placeholder.com/200x200'),
(138, 17, NULL, 'Ecology Field Study Report', 'Field study report examining ecological principles in natural environments.', 'http://example.com/ecology_field_study_report.pdf', 'https://via.placeholder.com/200x200'),
(139, 18, NULL, 'Biostatistics Practice Problems', 'Set of practice problems to reinforce understanding of biostatistics concepts.', 'http://example.com/biostatistics_practice_problems.pdf', 'https://via.placeholder.com/200x200'),
(140, 19, NULL, 'Medieval History Documentary', 'Documentary film exploring various aspects of medieval European history.', 'http://example.com/medieval_history_documentary.pdf', 'https://via.placeholder.com/200x200'),
(141, 20, NULL, 'Renaissance History Podcast Episodes', 'Podcast episodes discussing significant events and figures of the Renaissance period.', 'http://example.com/renaissance_history_podcast_episodes.pdf', 'https://via.placeholder.com/200x200'),
(142, 21, NULL, 'Modern History Textbook', 'Textbook providing an overview of major events and trends in modern history.', 'http://example.com/modern_history_textbook.pdf', 'https://via.placeholder.com/200x200'),
(143, 22, NULL, 'World War I & II Documentary Series', 'Series of documentaries exploring the causes and consequences of World War I & II.', 'http://example.com/world_war_documentary_series.pdf', 'https://via.placeholder.com/200x200'),
(144, 23, NULL, 'Ancient Civilizations Research Papers', 'Collection of research papers on various ancient civilizations and cultures.', 'http://example.com/ancient_civilizations_research_papers.pdf', 'https://via.placeholder.com/200x200'),
(145, 24, NULL, 'History of the Americas Lecture Slides', 'Lecture slides summarizing key events and developments in the history of the Americas.', 'http://example.com/history_of_the_americas_lecture_slides.pdf', 'https://via.placeholder.com/200x200'),
(146, 25, NULL, 'Existentialism Reading List', 'Reading list featuring essential texts in existentialist philosophy.', 'http://example.com/existentialism_reading_list.pdf', 'https://via.placeholder.com/200x200'),
(147, 26, NULL, 'Modern Philosophy Essay Collection', 'Collection of essays discussing key figures and ideas in modern philosophy.', 'http://example.com/modern_philosophy_essay_collection.pdf', 'https://via.placeholder.com/200x200'),
(148, 27, NULL, 'Ethics Case Studies', 'Case studies exploring ethical dilemmas and decision-making processes.', 'http://example.com/ethics_case_studies.pdf', 'https://via.placeholder.com/200x200'),
(149, 28, NULL, 'Political Philosophy Textbook', 'Textbook examining various political philosophies and ideologies.', 'http://example.com/political_philosophy_textbook.pdf', 'https://via.placeholder.com/200x200'),
(150, 29, NULL, 'Metaphysics Research Papers', 'Research papers delving into metaphysical questions and theories.', 'http://example.com/metaphysics_research_papers.pdf', 'https://via.placeholder.com/200x200'),
(151, 30, NULL, 'Philosophy of Mind Lecture Videos', 'Series of lecture videos exploring philosophical issues related to the mind.', 'http://example.com/philosophy_of_mind_lecture_videos.pdf', 'https://via.placeholder.com/200x200'),
(152, 31, NULL, 'Linguistics Textbook', 'Textbook providing an introduction to the field of linguistics.', 'http://example.com/linguistics_textbook.pdf', 'https://via.placeholder.com/200x200'),
(153, 32, NULL, 'Advanced Linguistics Journal Articles', 'Collection of journal articles discussing advanced linguistic theories.', 'http://example.com/advanced_linguistics_journal_articles.pdf', 'https://via.placeholder.com/200x200'),
(154, 33, NULL, 'Language Acquisition Research Papers', 'Research papers examining various aspects of language acquisition.', 'http://example.com/language_acquisition_research_papers.pdf', 'https://via.placeholder.com/200x200'),
(155, 34, NULL, 'Applied Linguistics Case Studies', 'Case studies illustrating applications of linguistic knowledge in real-world contexts.', 'http://example.com/applied_linguistics_case_studies.pdf', 'https://via.placeholder.com/200x200'),
(156, 35, NULL, 'Sociolinguistics Survey Data', 'Survey data exploring the relationship between language and society.', 'http://example.com/sociolinguistics_survey_data.pdf', 'https://via.placeholder.com/200x200'),
(157, 36, NULL, 'Language Policy Analysis Report', 'Report analyzing the development and implementation of language policies.', 'http://example.com/language_policy_analysis_report.pdf', 'https://via.placeholder.com/200x200'),
(158, 37, NULL, 'Robotics Textbook', 'Comprehensive textbook covering fundamental concepts in robotics.', 'http://example.com/robotics_textbook.pdf', 'https://via.placeholder.com/200x200'),
(159, 38, NULL, 'Advanced Robotics Research Papers', 'Research papers discussing advanced topics and developments in robotics.', 'http://example.com/advanced_robotics_research_papers.pdf', 'https://via.placeholder.com/200x200'),
(160, 39, NULL, 'Industrial Engineering Handbook', 'Handbook providing guidance on principles and practices of industrial engineering.', 'http://example.com/industrial_engineering_handbook.pdf', 'https://via.placeholder.com/200x200'),
(161, 40, NULL, 'Manufacturing Processes Manual', 'Manual detailing various manufacturing techniques and processes.', 'http://example.com/manufacturing_processes_manual.pdf', 'https://via.placeholder.com/200x200'),
(162, 41, NULL, 'Thermodynamics Textbook', 'Textbook covering the fundamental principles of thermodynamics.', 'http://example.com/thermodynamics_textbook.pdf', 'https://via.placeholder.com/200x200'),
(163, 42, NULL, 'Fluid Mechanics Lecture Videos', 'Series of lecture videos exploring fluid mechanics concepts and applications.', 'http://example.com/fluid_mechanics_lecture_videos.pdf', 'https://via.placeholder.com/200x200'),
(164, 43, NULL, 'Structural Engineering Handbook', 'Comprehensive handbook covering principles and practices of structural engineering.', 'http://example.com/structural_engineering_handbook.pdf', 'https://via.placeholder.com/200x200'),
(165, 44, NULL, 'Advanced Structural Engineering Research Papers', 'Research papers delving into advanced topics in structural engineering.', 'http://example.com/advanced_structural_engineering_research_papers.pdf', 'https://via.placeholder.com/200x200'),
(166, 45, NULL, 'Environmental Engineering Textbook', 'Textbook providing an overview of environmental engineering principles and applications.', 'http://example.com/environmental_engineering_textbook.pdf', 'https://via.placeholder.com/200x200'),
(167, 46, NULL, 'Sustainable Development Report', 'Report discussing sustainable development practices and strategies.', 'http://example.com/sustainable_development_report.pdf', 'https://via.placeholder.com/200x200'),
(168, 47, NULL, 'Geotechnical Engineering Laboratory Manual', 'Laboratory manual covering experiments in soil mechanics and geotechnical engineering.', 'http://example.com/geotechnical_engineering_lab_manual.pdf', 'https://via.placeholder.com/200x200'),
(169, 48, NULL, 'Advanced Geotechnical Engineering Research Papers', 'Research papers exploring advanced techniques in geotechnical engineering.', 'http://example.com/advanced_geotechnical_engineering_research_papers.pdf', 'https://via.placeholder.com/200x200'),
(170, 49, NULL, 'Circuit Analysis Textbook', 'Textbook providing a comprehensive coverage of electric circuit analysis.', 'http://example.com/circuit_analysis_textbook.pdf', 'https://via.placeholder.com/200x200'),
(171, 50, NULL, 'Advanced Circuit Analysis Research Papers', 'Research papers discussing advanced topics in circuit analysis and design.', 'http://example.com/advanced_circuit_analysis_research_papers.pdf', 'https://via.placeholder.com/200x200'),
(172, 51, NULL, 'Digital Systems Handbook', 'Handbook detailing various digital systems and their applications.', 'http://example.com/digital_systems_handbook.pdf', 'https://via.placeholder.com/200x200'),
(173, 52, NULL, 'Control Systems Lecture Slides', 'Lecture slides summarizing key concepts in control systems engineering.', 'http://example.com/control_systems_lecture_slides.pdf', 'https://via.placeholder.com/200x200'),
(174, 53, NULL, 'Power Systems Textbook', 'Textbook covering the principles and components of electrical power systems.', 'http://example.com/power_systems_textbook.pdf', 'https://via.placeholder.com/200x200'),
(175, 54, NULL, 'Renewable Energy Systems Research Papers', 'Research papers exploring the latest advancements in renewable energy technologies.', 'http://example.com/renewable_energy_systems_research_papers.pdf', 'https://via.placeholder.com/200x200'),
(176, 55, NULL, 'Minimally Invasive Surgery Handbook', 'Handbook providing guidance on techniques in minimally invasive surgery.', 'http://example.com/minimally_invasive_surgery_handbook.pdf', 'https://via.placeholder.com/200x200'),
(177, 56, NULL, 'General Surgery Textbook', 'Textbook covering various aspects of general surgical practices.', 'http://example.com/general_surgery_textbook.pdf', 'https://via.placeholder.com/200x200'),
(178, 57, NULL, 'Cardiovascular Surgery Research Papers', 'Research papers discussing innovative procedures in cardiovascular surgery.', 'http://example.com/cardiovascular_surgery_research_papers.pdf', 'https://via.placeholder.com/200x200'),
(179, 58, NULL, 'Surgical Anatomy Illustrated Guide', 'Illustrated guide providing detailed anatomical insights for surgical applications.', 'http://example.com/surgical_anatomy_illustrated_guide.pdf', 'https://via.placeholder.com/200x200'),
(180, 59, NULL, 'Surgical Techniques Video Tutorials', 'Video tutorials demonstrating various surgical techniques.', 'http://example.com/surgical_techniques_video_tutorials.pdf', 'https://via.placeholder.com/200x200'),
(181, 60, NULL, 'Patient-Centered Surgery Case Studies', 'Case studies highlighting approaches to patient-centered care in surgery.', 'http://example.com/patient_centered_surgery_case_studies.pdf', 'https://via.placeholder.com/200x200'),
(182, 61, NULL, 'Developmental Pediatrics Textbook', 'Textbook providing an overview of developmental disorders in children.', 'http://example.com/developmental_pediatrics_textbook.pdf', 'https://via.placeholder.com/200x200'),
(183, 62, NULL, 'Child Health Handbook', 'Handbook covering various aspects of child health care.', 'http://example.com/child_health_handbook.pdf', 'https://via.placeholder.com/200x200'),
(184, 63, NULL, 'Pediatric Infectious Diseases Research Papers', 'Research papers discussing infectious diseases in pediatric populations.', 'http://example.com/pediatric_infectious_diseases_research_papers.pdf', 'https://via.placeholder.com/200x200'),
(185, 64, NULL, 'Pediatric Nutrition Guide', 'Guide providing nutritional guidelines for pediatric populations.', 'http://example.com/pediatric_nutrition_guide.pdf', 'https://via.placeholder.com/200x200'),
(186, 65, NULL, 'Clinical Pediatrics Case Studies', 'Case studies illustrating clinical approaches in pediatric care.', 'http://example.com/clinical_pediatrics_case_studies.pdf', 'https://via.placeholder.com/200x200'),
(187, 66, NULL, 'Pediatric Research Papers', 'Research papers detailing methodologies used in pediatric research.', 'http://example.com/pediatric_research_papers.pdf', 'https://via.placeholder.com/200x200'),
(188, 67, NULL, 'Mood Disorders Handbook', 'Handbook providing an in-depth understanding of mood disorders and treatment strategies.', 'http://example.com/mood_disorders_handbook.pdf', 'https://via.placeholder.com/200x200'),
(189, 68, NULL, 'Adolescent Psychiatry Textbook', 'Textbook covering psychiatric care specific to adolescent populations.', 'http://example.com/adolescent_psychiatry_textbook.pdf', 'https://via.placeholder.com/200x200'),
(190, 69, NULL, 'Clinical Psychiatry Research Papers', 'Research papers discussing clinical practices and advancements in psychiatry.', 'http://example.com/clinical_psychiatry_research_papers.pdf', 'https://via.placeholder.com/200x200'),
(191, 70, NULL, 'Psychopharmacology Guide', 'Guide detailing medications used in psychiatric treatment and their effects.', 'http://example.com/psychopharmacology_guide.pdf', 'https://via.placeholder.com/200x200'),
(192, 71, NULL, 'Cognitive Behavioral Therapy Manual', 'Manual providing an overview of principles and applications of CBT.', 'http://example.com/cognitive_behavioral_therapy_manual.pdf', 'https://via.placeholder.com/200x200'),
(193, 73, NULL, 'Constitutional Law Textbook', 'Textbook covering foundational principles and key case law in constitutional law.', 'http://example.com/constitutional_law_textbook.pdf', 'https://via.placeholder.com/200x200'),
(194, 74, NULL, 'Public Policy Analysis Papers', 'Analysis papers examining legal aspects of public policy development and implementation.', 'http://example.com/public_policy_analysis_papers.pdf', 'https://via.placeholder.com/200x200'),
(195, 75, NULL, 'Administrative Law Handbook', 'Handbook providing insights into the regulation of government agencies and actions.', 'http://example.com/administrative_law_handbook.pdf', 'https://via.placeholder.com/200x200'),
(196, 76, NULL, 'Human Rights Law Documents', 'Legal documents outlining frameworks for the protection of human rights.', 'http://example.com/human_rights_law_documents.pdf', 'https://via.placeholder.com/200x200'),
(197, 77, NULL, 'Environmental Law Case Studies', 'Case studies illustrating legal principles related to environmental protection.', 'http://example.com/environmental_law_case_studies.pdf', 'https://via.placeholder.com/200x200'),
(198, 78, NULL, 'Public International Law Textbook', 'Textbook covering principles of international public law.', 'http://example.com/public_international_law_textbook.pdf', 'https://via.placeholder.com/200x200'),
(199, 79, NULL, 'Contract Law Handbook', 'Handbook providing a comprehensive overview of contract formation and enforcement.', 'http://example.com/contract_law_handbook.pdf', 'https://via.placeholder.com/200x200'),
(200, 80, NULL, 'Property Law Textbook', 'Textbook covering legal principles governing property ownership and use.', 'http://example.com/property_law_textbook.pdf', 'https://via.placeholder.com/200x200'),
(201, 81, NULL, 'Family Law Case Studies', 'Case studies illustrating laws regulating family relationships and disputes.', 'http://example.com/family_law_case_studies.pdf', 'https://via.placeholder.com/200x200'),
(202, 82, NULL, 'Commercial Law Textbook', 'Textbook covering legal aspects of business and commerce.', 'http://example.com/commercial_law_textbook.pdf', 'https://via.placeholder.com/200x200'),
(203, 83, NULL, 'Intellectual Property Law Guide', 'Guide providing insights into the protection of intellectual property rights.', 'http://example.com/intellectual_property_law_guide.pdf', 'https://via.placeholder.com/200x200'),
(204, 84, NULL, 'Tort Law Casebook', 'Casebook detailing legal remedies for civil wrongs.', 'http://example.com/tort_law_casebook.pdf', 'https://via.placeholder.com/200x200'),
(205, 85, NULL, 'International Trade Law Handbook', 'Handbook providing an overview of regulations in international trade and commerce.', 'http://example.com/international_trade_law_handbook.pdf', 'https://via.placeholder.com/200x200'),
(206, 86, NULL, 'International Human Rights Law Documents', 'Legal documents outlining frameworks for international human rights.', 'http://example.com/international_human_rights_law_documents.pdf', 'https://via.placeholder.com/200x200'),
(207, 87, NULL, 'Law of the Sea Textbook', 'Textbook covering legal principles governing maritime activities.', 'http://example.com/law_of_the_sea_textbook.pdf', 'https://via.placeholder.com/200x200'),
(208, 88, NULL, 'International Criminal Law Case Studies', 'Case studies illustrating prosecution and defense strategies for international crimes.', 'http://example.com/international_criminal_law_case_studies.pdf', 'https://via.placeholder.com/200x200'),
(209, 89, NULL, 'Diplomatic Law Handbook', 'Handbook providing insights into legal aspects of diplomacy and international relations.', 'http://example.com/diplomatic_law_handbook.pdf', 'https://via.placeholder.com/200x200'),
(210, 90, NULL, 'International Environmental Law Documents', 'Legal documents outlining principles for environmental protection globally.', 'http://example.com/international_environmental_law_documents.pdf', 'https://via.placeholder.com/200x200'),
(211, 91, NULL, 'Forensic Accounting Handbook', 'Handbook providing insights into financial fraud detection and prevention.', 'http://example.com/forensic_accounting_handbook.pdf', 'https://via.placeholder.com/200x200'),
(212, 92, NULL, 'Advanced Financial Accounting Textbook', 'Textbook providing an in-depth analysis of financial accounting standards and practices.', 'http://example.com/advanced_financial_accounting_textbook.pdf', 'https://via.placeholder.com/200x200'),
(213, 93, NULL, 'Cost Accounting Manual', 'Manual providing an introduction to cost accounting principles and techniques.', 'http://example.com/cost_accounting_manual.pdf', 'https://via.placeholder.com/200x200'),
(214, 94, NULL, 'International Accounting Guide', 'Guide covering accounting principles and practices in an international context.', 'http://example.com/international_accounting_guide.pdf', 'https://via.placeholder.com/200x200'),
(215, 95, NULL, 'Taxation Handbook', 'Handbook providing a comprehensive study of tax systems and their application.', 'http://example.com/taxation_handbook.pdf', 'https://via.placeholder.com/200x200'),
(216, 96, NULL, 'Auditing Manual', 'Manual covering principles and practices of auditing.', 'http://example.com/auditing_manual.pdf', 'https://via.placeholder.com/200x200'),
(217, 97, NULL, 'Strategic Management Textbook', 'Textbook covering the study of strategy formulation and implementation.', 'http://example.com/strategic_management_textbook.pdf', 'https://via.placeholder.com/200x200'),
(218, 98, NULL, 'Organizational Behavior Guide', 'Guide examining individual and group behavior in organizations.', 'http://example.com/organizational_behavior_guide.pdf', 'https://via.placeholder.com/200x200'),
(219, 99, NULL, 'Human Resource Management Handbook', 'Handbook providing an introduction to HRM practices and policies.', 'http://example.com/human_resource_management_handbook.pdf', 'https://via.placeholder.com/200x200'),
(220, 100, NULL, 'Leadership and Management Textbook', 'Textbook exploring leadership theories and practices.', 'http://example.com/leadership_and_management_textbook.pdf', 'https://via.placeholder.com/200x200'),
(221, 101, NULL, 'Project Management Guide', 'Guide covering principles of planning, executing, and closing projects.', 'http://example.com/project_management_guide.pdf', 'https://via.placeholder.com/200x200'),
(222, 102, NULL, 'Business Ethics Handbook', 'Handbook studying ethical issues in business.', 'http://example.com/business_ethics_handbook.pdf', 'https://via.placeholder.com/200x200'),
(223, 103, NULL, 'Financial Markets Textbook', 'Textbook providing an overview of financial markets and instruments.', 'http://example.com/financial_markets_textbook.pdf', 'https://via.placeholder.com/200x200'),
(224, 104, NULL, 'Corporate Finance Guide', 'Guide covering the study of corporate financial management.', 'http://example.com/corporate_finance_guide.pdf', 'https://via.placeholder.com/200x200'),
(225, 105, NULL, 'Investment Analysis Handbook', 'Handbook detailing principles of investment analysis and portfolio management.', 'http://example.com/investment_analysis_handbook.pdf', 'https://via.placeholder.com/200x200'),
(226, 106, NULL, 'International Finance Textbook', 'Textbook studying financial management in an international context.', 'http://example.com/international_finance_textbook.pdf', 'https://via.placeholder.com/200x200'),
(227, 107, NULL, 'Financial Risk Management Guide', 'Guide providing strategies for managing financial risks.', 'http://example.com/financial_risk_management_guide.pdf', 'https://via.placeholder.com/200x200'),
(228, 108, NULL, 'Behavioral Finance Handbook', 'Handbook studying psychological influences on financial decision-making.', 'http://example.com/behavioral_finance_handbook.pdf', 'https://via.placeholder.com/200x200'),
(229, 109, NULL, 'Curriculum Design Textbook', 'Textbook covering principles of curriculum design and development.', 'http://example.com/curriculum_design_textbook.pdf', 'https://via.placeholder.com/200x200'),
(230, 110, NULL, 'Instructional Strategies Guide', 'Guide to effective instructional strategies for diverse classrooms.', 'http://example.com/instructional_strategies_guide.pdf', 'https://via.placeholder.com/200x200'),
(231, 111, NULL, 'Educational Assessment Handbook', 'Handbook detailing methods of educational assessment and evaluation.', 'http://example.com/educational_assessment_handbook.pdf', 'https://via.placeholder.com/200x200'),
(232, 112, NULL, 'Curriculum Innovation Manual', 'Manual exploring innovative approaches to curriculum development.', 'http://example.com/curriculum_innovation_manual.pdf', 'https://via.placeholder.com/200x200'),
(233, 113, NULL, 'Policy and Practice Textbook', 'Textbook examining educational policy and its impact on practice.', 'http://example.com/policy_and_practice_textbook.pdf', 'https://via.placeholder.com/200x200'),
(234, 114, NULL, 'Technology in Education Guide', 'Guide covering the integration of technology in educational settings.', 'http://example.com/technology_in_education_guide.pdf', 'https://via.placeholder.com/200x200'),
(235, 115, NULL, 'Cognitive Development Textbook', 'Textbook studying cognitive development in children and adolescents.', 'http://example.com/cognitive_development_textbook.pdf', 'https://via.placeholder.com/200x200'),
(236, 116, NULL, 'Learning Theories Handbook', 'Handbook examining major theories of learning.', 'http://example.com/learning_theories_handbook.pdf', 'https://via.placeholder.com/200x200'),
(237, 117, NULL, 'Educational Assessment Tools', 'Tools for assessing student learning.', 'http://example.com/educational_assessment_tools.pdf', 'https://via.placeholder.com/200x200'),
(238, 118, NULL, 'Motivation in Education Guide', 'Guide studying motivational theories and their application in education.', 'http://example.com/motivation_in_education_guide.pdf', 'https://via.placeholder.com/200x200'),
(239, 119, NULL, 'Classroom Management Manual', 'Manual detailing strategies for effective classroom management.', 'http://example.com/classroom_management_manual.pdf', 'https://via.placeholder.com/200x200'),
(240, 120, NULL, 'Special Education Needs Handbook', 'Handbook providing an overview of special educational needs and inclusive practices.', 'http://example.com/special_education_needs_handbook.pdf', 'https://via.placeholder.com/200x200'),
(241, 121, NULL, 'Inclusive Education Guide', 'Guide covering principles and practices of inclusive education.', 'http://example.com/inclusive_education_guide.pdf', 'https://via.placeholder.com/200x200'),
(242, 122, NULL, 'Disability Studies Textbook', 'Textbook examining disability from a social and educational perspective.', 'http://example.com/disability_studies_textbook.pdf', 'https://via.placeholder.com/200x200'),
(243, 1, NULL, 'Quantum Mechanics Lecture Notes', 'Comprehensive lecture notes covering quantum mechanics topics.', 'http://example.com/quantum_mechanics_notes.pdf', 'https://via.placeholder.com/200x200'),
(244, 2, NULL, 'Advanced Quantum Mechanics Textbook', 'Textbook providing advanced insights into quantum mechanics principles.', 'http://example.com/advanced_quantum_mechanics_textbook.pdf', 'https://via.placeholder.com/200x200'),
(245, 3, NULL, 'Classical Mechanics Problem Sets', 'Collection of problem sets to enhance understanding of classical mechanics.', 'http://example.com/classical_mechanics_problems.pdf', 'https://via.placeholder.com/200x200'),
(246, 4, NULL, 'Electromagnetism Laboratory Manual', 'Laboratory manual for conducting electromagnetism experiments.', 'http://example.com/electromagnetism_lab_manual.pdf', 'https://via.placeholder.com/200x200'),
(247, 5, NULL, 'Thermodynamics Research Paper', 'Research paper exploring recent advancements in thermodynamics.', 'http://example.com/thermodynamics_research_paper.pdf', 'https://via.placeholder.com/200x200'),
(248, 6, NULL, 'Particle Physics Presentation Slides', 'Presentation slides summarizing key concepts in particle physics.', 'http://example.com/particle_physics_presentation.pdf', 'https://via.placeholder.com/200x200'),
(249, 7, NULL, 'Organic Chemistry Study Guide', 'Study guide covering essential topics in organic chemistry.', 'http://example.com/organic_chemistry_study_guide.pdf', 'https://via.placeholder.com/200x200'),
(250, 8, NULL, 'Advanced Organic Chemistry Laboratory Handbook', 'Handbook detailing advanced organic chemistry laboratory procedures.', 'http://example.com/advanced_organic_chemistry_lab_handbook.pdf', 'https://via.placeholder.com/200x200'),
(251, 9, NULL, 'Inorganic Chemistry Research Article', 'Research article discussing recent developments in inorganic chemistry.', 'http://example.com/inorganic_chemistry_research_article.pdf', 'https://via.placeholder.com/200x200'),
(252, 10, NULL, 'Physical Chemistry Lecture Videos', 'Series of lecture videos covering physical chemistry topics.', 'http://example.com/physical_chemistry_lecture_videos.pdf', 'https://via.placeholder.com/200x200'),
(253, 11, NULL, 'Environmental Chemistry Case Studies', 'Case studies exploring real-world applications of environmental chemistry.', 'http://example.com/environmental_chemistry_case_studies.pdf', 'https://via.placeholder.com/200x200'),
(254, 12, NULL, 'Analytical Chemistry Data Analysis Workbook', 'Workbook for practicing data analysis techniques in analytical chemistry.', 'http://example.com/analytical_chemistry_data_analysis_workbook.pdf', 'https://via.placeholder.com/200x200'),
(255, 13, NULL, 'Molecular Biology Textbook', 'Comprehensive textbook covering molecular biology principles.', 'http://example.com/molecular_biology_textbook.pdf', 'https://via.placeholder.com/200x200'),
(256, 14, NULL, 'Genetic Research Journal Articles', 'Collection of journal articles discussing recent genetic research findings.', 'http://example.com/genetic_research_journal_articles.pdf', 'https://via.placeholder.com/200x200'),
(257, 15, NULL, 'Cell Biology Lecture Notes', 'Detailed lecture notes covering cell biology topics.', 'http://example.com/cell_biology_lecture_notes.pdf', 'https://via.placeholder.com/200x200'),
(258, 16, NULL, 'Microbiology Lab Protocols', 'Protocols for conducting microbiology experiments in the laboratory.', 'http://example.com/microbiology_lab_protocols.pdf', 'https://via.placeholder.com/200x200'),
(259, 17, NULL, 'Ecology Field Study Report', 'Field study report examining ecological principles in natural environments.', 'http://example.com/ecology_field_study_report.pdf', 'https://via.placeholder.com/200x200'),
(260, 18, NULL, 'Biostatistics Practice Problems', 'Set of practice problems to reinforce understanding of biostatistics concepts.', 'http://example.com/biostatistics_practice_problems.pdf', 'https://via.placeholder.com/200x200'),
(261, 19, NULL, 'Medieval History Documentary', 'Documentary film exploring various aspects of medieval European history.', 'http://example.com/medieval_history_documentary.pdf', 'https://via.placeholder.com/200x200'),
(262, 20, NULL, 'Renaissance History Podcast Episodes', 'Podcast episodes discussing significant events and figures of the Renaissance period.', 'http://example.com/renaissance_history_podcast_episodes.pdf', 'https://via.placeholder.com/200x200'),
(263, 21, NULL, 'Modern History Textbook', 'Textbook providing an overview of major events and trends in modern history.', 'http://example.com/modern_history_textbook.pdf', 'https://via.placeholder.com/200x200'),
(264, 22, NULL, 'World War I & II Documentary Series', 'Series of documentaries exploring the causes and consequences of World War I & II.', 'http://example.com/world_war_documentary_series.pdf', 'https://via.placeholder.com/200x200'),
(265, 23, NULL, 'Ancient Civilizations Research Papers', 'Collection of research papers on various ancient civilizations and cultures.', 'http://example.com/ancient_civilizations_research_papers.pdf', 'https://via.placeholder.com/200x200'),
(266, 24, NULL, 'History of the Americas Lecture Slides', 'Lecture slides summarizing key events and developments in the history of the Americas.', 'http://example.com/history_of_the_americas_lecture_slides.pdf', 'https://via.placeholder.com/200x200'),
(267, 25, NULL, 'Existentialism Reading List', 'Reading list featuring essential texts in existentialist philosophy.', 'http://example.com/existentialism_reading_list.pdf', 'https://via.placeholder.com/200x200'),
(268, 26, NULL, 'Modern Philosophy Essay Collection', 'Collection of essays discussing key figures and ideas in modern philosophy.', 'http://example.com/modern_philosophy_essay_collection.pdf', 'https://via.placeholder.com/200x200'),
(269, 27, NULL, 'Ethics Case Studies', 'Case studies exploring ethical dilemmas and decision-making processes.', 'http://example.com/ethics_case_studies.pdf', 'https://via.placeholder.com/200x200'),
(270, 28, NULL, 'Political Philosophy Textbook', 'Textbook examining various political philosophies and ideologies.', 'http://example.com/political_philosophy_textbook.pdf', 'https://via.placeholder.com/200x200'),
(271, 29, NULL, 'Metaphysics Research Papers', 'Research papers delving into metaphysical questions and theories.', 'http://example.com/metaphysics_research_papers.pdf', 'https://via.placeholder.com/200x200'),
(272, 30, NULL, 'Philosophy of Mind Lecture Videos', 'Series of lecture videos exploring philosophical issues related to the mind.', 'http://example.com/philosophy_of_mind_lecture_videos.pdf', 'https://via.placeholder.com/200x200'),
(273, 31, NULL, 'Linguistics Textbook', 'Textbook providing an introduction to the field of linguistics.', 'http://example.com/linguistics_textbook.pdf', 'https://via.placeholder.com/200x200'),
(274, 32, NULL, 'Advanced Linguistics Journal Articles', 'Collection of journal articles discussing advanced linguistic theories.', 'http://example.com/advanced_linguistics_journal_articles.pdf', 'https://via.placeholder.com/200x200'),
(275, 33, NULL, 'Language Acquisition Research Papers', 'Research papers examining various aspects of language acquisition.', 'http://example.com/language_acquisition_research_papers.pdf', 'https://via.placeholder.com/200x200'),
(276, 34, NULL, 'Applied Linguistics Case Studies', 'Case studies illustrating applications of linguistic knowledge in real-world contexts.', 'http://example.com/applied_linguistics_case_studies.pdf', 'https://via.placeholder.com/200x200'),
(277, 35, NULL, 'Sociolinguistics Survey Data', 'Survey data exploring the relationship between language and society.', 'http://example.com/sociolinguistics_survey_data.pdf', 'https://via.placeholder.com/200x200'),
(278, 36, NULL, 'Language Policy Analysis Report', 'Report analyzing the development and implementation of language policies.', 'http://example.com/language_policy_analysis_report.pdf', 'https://via.placeholder.com/200x200'),
(279, 37, NULL, 'Robotics Textbook', 'Comprehensive textbook covering fundamental concepts in robotics.', 'http://example.com/robotics_textbook.pdf', 'https://via.placeholder.com/200x200'),
(280, 38, NULL, 'Advanced Robotics Research Papers', 'Research papers discussing advanced topics and developments in robotics.', 'http://example.com/advanced_robotics_research_papers.pdf', 'https://via.placeholder.com/200x200'),
(281, 39, NULL, 'Industrial Engineering Handbook', 'Handbook providing guidance on principles and practices of industrial engineering.', 'http://example.com/industrial_engineering_handbook.pdf', 'https://via.placeholder.com/200x200'),
(282, 40, NULL, 'Manufacturing Processes Manual', 'Manual detailing various manufacturing techniques and processes.', 'http://example.com/manufacturing_processes_manual.pdf', 'https://via.placeholder.com/200x200'),
(283, 41, NULL, 'Thermodynamics Textbook', 'Textbook covering the fundamental principles of thermodynamics.', 'http://example.com/thermodynamics_textbook.pdf', 'https://via.placeholder.com/200x200'),
(284, 42, NULL, 'Fluid Mechanics Lecture Videos', 'Series of lecture videos exploring fluid mechanics concepts and applications.', 'http://example.com/fluid_mechanics_lecture_videos.pdf', 'https://via.placeholder.com/200x200'),
(285, 43, NULL, 'Structural Engineering Handbook', 'Comprehensive handbook covering principles and practices of structural engineering.', 'http://example.com/structural_engineering_handbook.pdf', 'https://via.placeholder.com/200x200'),
(286, 44, NULL, 'Advanced Structural Engineering Research Papers', 'Research papers delving into advanced topics in structural engineering.', 'http://example.com/advanced_structural_engineering_research_papers.pdf', 'https://via.placeholder.com/200x200'),
(287, 45, NULL, 'Environmental Engineering Textbook', 'Textbook providing an overview of environmental engineering principles and applications.', 'http://example.com/environmental_engineering_textbook.pdf', 'https://via.placeholder.com/200x200'),
(288, 46, NULL, 'Sustainable Development Report', 'Report discussing sustainable development practices and strategies.', 'http://example.com/sustainable_development_report.pdf', 'https://via.placeholder.com/200x200'),
(289, 47, NULL, 'Geotechnical Engineering Laboratory Manual', 'Laboratory manual covering experiments in soil mechanics and geotechnical engineering.', 'http://example.com/geotechnical_engineering_lab_manual.pdf', 'https://via.placeholder.com/200x200'),
(290, 48, NULL, 'Advanced Geotechnical Engineering Research Papers', 'Research papers exploring advanced techniques in geotechnical engineering.', 'http://example.com/advanced_geotechnical_engineering_research_papers.pdf', 'https://via.placeholder.com/200x200'),
(291, 49, NULL, 'Circuit Analysis Textbook', 'Textbook providing a comprehensive coverage of electric circuit analysis.', 'http://example.com/circuit_analysis_textbook.pdf', 'https://via.placeholder.com/200x200'),
(292, 50, NULL, 'Advanced Circuit Analysis Research Papers', 'Research papers discussing advanced topics in circuit analysis and design.', 'http://example.com/advanced_circuit_analysis_research_papers.pdf', 'https://via.placeholder.com/200x200'),
(293, 51, NULL, 'Digital Systems Handbook', 'Handbook detailing various digital systems and their applications.', 'http://example.com/digital_systems_handbook.pdf', 'https://via.placeholder.com/200x200'),
(294, 52, NULL, 'Control Systems Lecture Slides', 'Lecture slides summarizing key concepts in control systems engineering.', 'http://example.com/control_systems_lecture_slides.pdf', 'https://via.placeholder.com/200x200'),
(295, 53, NULL, 'Power Systems Textbook', 'Textbook covering the principles and components of electrical power systems.', 'http://example.com/power_systems_textbook.pdf', 'https://via.placeholder.com/200x200'),
(296, 54, NULL, 'Renewable Energy Systems Research Papers', 'Research papers exploring the latest advancements in renewable energy technologies.', 'http://example.com/renewable_energy_systems_research_papers.pdf', 'https://via.placeholder.com/200x200'),
(297, 55, NULL, 'Minimally Invasive Surgery Handbook', 'Handbook providing guidance on techniques in minimally invasive surgery.', 'http://example.com/minimally_invasive_surgery_handbook.pdf', 'https://via.placeholder.com/200x200'),
(298, 56, NULL, 'General Surgery Textbook', 'Textbook covering various aspects of general surgical practices.', 'http://example.com/general_surgery_textbook.pdf', 'https://via.placeholder.com/200x200'),
(299, 57, NULL, 'Cardiovascular Surgery Research Papers', 'Research papers discussing innovative procedures in cardiovascular surgery.', 'http://example.com/cardiovascular_surgery_research_papers.pdf', 'https://via.placeholder.com/200x200'),
(300, 58, NULL, 'Surgical Anatomy Illustrated Guide', 'Illustrated guide providing detailed anatomical insights for surgical applications.', 'http://example.com/surgical_anatomy_illustrated_guide.pdf', 'https://via.placeholder.com/200x200'),
(301, 59, NULL, 'Surgical Techniques Video Tutorials', 'Video tutorials demonstrating various surgical techniques.', 'http://example.com/surgical_techniques_video_tutorials.pdf', 'https://via.placeholder.com/200x200'),
(302, 60, NULL, 'Patient-Centered Surgery Case Studies', 'Case studies highlighting approaches to patient-centered care in surgery.', 'http://example.com/patient_centered_surgery_case_studies.pdf', 'https://via.placeholder.com/200x200'),
(303, 61, NULL, 'Developmental Pediatrics Textbook', 'Textbook providing an overview of developmental disorders in children.', 'http://example.com/developmental_pediatrics_textbook.pdf', 'https://via.placeholder.com/200x200'),
(304, 62, NULL, 'Child Health Handbook', 'Handbook covering various aspects of child health care.', 'http://example.com/child_health_handbook.pdf', 'https://via.placeholder.com/200x200'),
(305, 63, NULL, 'Pediatric Infectious Diseases Research Papers', 'Research papers discussing infectious diseases in pediatric populations.', 'http://example.com/pediatric_infectious_diseases_research_papers.pdf', 'https://via.placeholder.com/200x200'),
(306, 64, NULL, 'Pediatric Nutrition Guide', 'Guide providing nutritional guidelines for pediatric populations.', 'http://example.com/pediatric_nutrition_guide.pdf', 'https://via.placeholder.com/200x200'),
(307, 65, NULL, 'Clinical Pediatrics Case Studies', 'Case studies illustrating clinical approaches in pediatric care.', 'http://example.com/clinical_pediatrics_case_studies.pdf', 'https://via.placeholder.com/200x200'),
(308, 66, NULL, 'Pediatric Research Papers', 'Research papers detailing methodologies used in pediatric research.', 'http://example.com/pediatric_research_papers.pdf', 'https://via.placeholder.com/200x200'),
(309, 67, NULL, 'Mood Disorders Handbook', 'Handbook providing an in-depth understanding of mood disorders and treatment strategies.', 'http://example.com/mood_disorders_handbook.pdf', 'https://via.placeholder.com/200x200'),
(310, 68, NULL, 'Adolescent Psychiatry Textbook', 'Textbook covering psychiatric care specific to adolescent populations.', 'http://example.com/adolescent_psychiatry_textbook.pdf', 'https://via.placeholder.com/200x200'),
(311, 69, NULL, 'Clinical Psychiatry Research Papers', 'Research papers discussing clinical practices and advancements in psychiatry.', 'http://example.com/clinical_psychiatry_research_papers.pdf', 'https://via.placeholder.com/200x200'),
(312, 70, NULL, 'Psychopharmacology Guide', 'Guide detailing medications used in psychiatric treatment and their effects.', 'http://example.com/psychopharmacology_guide.pdf', 'https://via.placeholder.com/200x200'),
(313, 71, NULL, 'Cognitive Behavioral Therapy Manual', 'Manual providing an overview of principles and applications of CBT.', 'http://example.com/cognitive_behavioral_therapy_manual.pdf', 'https://via.placeholder.com/200x200'),
(314, 73, NULL, 'Constitutional Law Textbook', 'Textbook covering foundational principles and key case law in constitutional law.', 'http://example.com/constitutional_law_textbook.pdf', 'https://via.placeholder.com/200x200'),
(315, 74, NULL, 'Public Policy Analysis Papers', 'Analysis papers examining legal aspects of public policy development and implementation.', 'http://example.com/public_policy_analysis_papers.pdf', 'https://via.placeholder.com/200x200'),
(316, 75, NULL, 'Administrative Law Handbook', 'Handbook providing insights into the regulation of government agencies and actions.', 'http://example.com/administrative_law_handbook.pdf', 'https://via.placeholder.com/200x200'),
(317, 76, NULL, 'Human Rights Law Documents', 'Legal documents outlining frameworks for the protection of human rights.', 'http://example.com/human_rights_law_documents.pdf', 'https://via.placeholder.com/200x200'),
(318, 77, NULL, 'Environmental Law Case Studies', 'Case studies illustrating legal principles related to environmental protection.', 'http://example.com/environmental_law_case_studies.pdf', 'https://via.placeholder.com/200x200'),
(319, 78, NULL, 'Public International Law Textbook', 'Textbook covering principles of international public law.', 'http://example.com/public_international_law_textbook.pdf', 'https://via.placeholder.com/200x200'),
(320, 79, NULL, 'Contract Law Handbook', 'Handbook providing a comprehensive overview of contract formation and enforcement.', 'http://example.com/contract_law_handbook.pdf', 'https://via.placeholder.com/200x200'),
(321, 80, NULL, 'Property Law Textbook', 'Textbook covering legal principles governing property ownership and use.', 'http://example.com/property_law_textbook.pdf', 'https://via.placeholder.com/200x200'),
(322, 81, NULL, 'Family Law Case Studies', 'Case studies illustrating laws regulating family relationships and disputes.', 'http://example.com/family_law_case_studies.pdf', 'https://via.placeholder.com/200x200'),
(323, 82, NULL, 'Commercial Law Textbook', 'Textbook covering legal aspects of business and commerce.', 'http://example.com/commercial_law_textbook.pdf', 'https://via.placeholder.com/200x200'),
(324, 83, NULL, 'Intellectual Property Law Guide', 'Guide providing insights into the protection of intellectual property rights.', 'http://example.com/intellectual_property_law_guide.pdf', 'https://via.placeholder.com/200x200'),
(325, 84, NULL, 'Tort Law Casebook', 'Casebook detailing legal remedies for civil wrongs.', 'http://example.com/tort_law_casebook.pdf', 'https://via.placeholder.com/200x200'),
(326, 85, NULL, 'International Trade Law Handbook', 'Handbook providing an overview of regulations in international trade and commerce.', 'http://example.com/international_trade_law_handbook.pdf', 'https://via.placeholder.com/200x200'),
(327, 86, NULL, 'International Human Rights Law Documents', 'Legal documents outlining frameworks for international human rights.', 'http://example.com/international_human_rights_law_documents.pdf', 'https://via.placeholder.com/200x200'),
(328, 87, NULL, 'Law of the Sea Textbook', 'Textbook covering legal principles governing maritime activities.', 'http://example.com/law_of_the_sea_textbook.pdf', 'https://via.placeholder.com/200x200'),
(329, 88, NULL, 'International Criminal Law Case Studies', 'Case studies illustrating prosecution and defense strategies for international crimes.', 'http://example.com/international_criminal_law_case_studies.pdf', 'https://via.placeholder.com/200x200'),
(330, 89, NULL, 'Diplomatic Law Handbook', 'Handbook providing insights into legal aspects of diplomacy and international relations.', 'http://example.com/diplomatic_law_handbook.pdf', 'https://via.placeholder.com/200x200'),
(331, 90, NULL, 'International Environmental Law Documents', 'Legal documents outlining principles for environmental protection globally.', 'http://example.com/international_environmental_law_documents.pdf', 'https://via.placeholder.com/200x200'),
(332, 91, NULL, 'Forensic Accounting Handbook', 'Handbook providing insights into financial fraud detection and prevention.', 'http://example.com/forensic_accounting_handbook.pdf', 'https://via.placeholder.com/200x200'),
(333, 92, NULL, 'Advanced Financial Accounting Textbook', 'Textbook providing an in-depth analysis of financial accounting standards and practices.', 'http://example.com/advanced_financial_accounting_textbook.pdf', 'https://via.placeholder.com/200x200'),
(334, 93, NULL, 'Cost Accounting Manual', 'Manual providing an introduction to cost accounting principles and techniques.', 'http://example.com/cost_accounting_manual.pdf', 'https://via.placeholder.com/200x200'),
(335, 94, NULL, 'International Accounting Guide', 'Guide covering accounting principles and practices in an international context.', 'http://example.com/international_accounting_guide.pdf', 'https://via.placeholder.com/200x200'),
(336, 95, NULL, 'Taxation Handbook', 'Handbook providing a comprehensive study of tax systems and their application.', 'http://example.com/taxation_handbook.pdf', 'https://via.placeholder.com/200x200'),
(337, 96, NULL, 'Auditing Manual', 'Manual covering principles and practices of auditing.', 'http://example.com/auditing_manual.pdf', 'https://via.placeholder.com/200x200'),
(338, 97, NULL, 'Strategic Management Textbook', 'Textbook covering the study of strategy formulation and implementation.', 'http://example.com/strategic_management_textbook.pdf', 'https://via.placeholder.com/200x200'),
(339, 98, NULL, 'Organizational Behavior Guide', 'Guide examining individual and group behavior in organizations.', 'http://example.com/organizational_behavior_guide.pdf', 'https://via.placeholder.com/200x200'),
(340, 99, NULL, 'Human Resource Management Handbook', 'Handbook providing an introduction to HRM practices and policies.', 'http://example.com/human_resource_management_handbook.pdf', 'https://via.placeholder.com/200x200'),
(341, 100, NULL, 'Leadership and Management Textbook', 'Textbook exploring leadership theories and practices.', 'http://example.com/leadership_and_management_textbook.pdf', 'https://via.placeholder.com/200x200'),
(342, 101, NULL, 'Project Management Guide', 'Guide covering principles of planning, executing, and closing projects.', 'http://example.com/project_management_guide.pdf', 'https://via.placeholder.com/200x200'),
(343, 102, NULL, 'Business Ethics Handbook', 'Handbook studying ethical issues in business.', 'http://example.com/business_ethics_handbook.pdf', 'https://via.placeholder.com/200x200'),
(344, 103, NULL, 'Financial Markets Textbook', 'Textbook providing an overview of financial markets and instruments.', 'http://example.com/financial_markets_textbook.pdf', 'https://via.placeholder.com/200x200'),
(345, 104, NULL, 'Corporate Finance Guide', 'Guide covering the study of corporate financial management.', 'http://example.com/corporate_finance_guide.pdf', 'https://via.placeholder.com/200x200'),
(346, 105, NULL, 'Investment Analysis Handbook', 'Handbook detailing principles of investment analysis and portfolio management.', 'http://example.com/investment_analysis_handbook.pdf', 'https://via.placeholder.com/200x200'),
(347, 106, NULL, 'International Finance Textbook', 'Textbook studying financial management in an international context.', 'http://example.com/international_finance_textbook.pdf', 'https://via.placeholder.com/200x200');
INSERT INTO `materials` (`material_id`, `course_id`, `staff_id`, `title`, `description`, `file_path`, `thumbnail`) VALUES
(348, 107, NULL, 'Financial Risk Management Guide', 'Guide providing strategies for managing financial risks.', 'http://example.com/financial_risk_management_guide.pdf', 'https://via.placeholder.com/200x200'),
(349, 108, NULL, 'Behavioral Finance Handbook', 'Handbook studying psychological influences on financial decision-making.', 'http://example.com/behavioral_finance_handbook.pdf', 'https://via.placeholder.com/200x200'),
(350, 109, NULL, 'Curriculum Design Textbook', 'Textbook covering principles of curriculum design and development.', 'http://example.com/curriculum_design_textbook.pdf', 'https://via.placeholder.com/200x200'),
(351, 110, NULL, 'Instructional Strategies Guide', 'Guide to effective instructional strategies for diverse classrooms.', 'http://example.com/instructional_strategies_guide.pdf', 'https://via.placeholder.com/200x200'),
(352, 111, NULL, 'Educational Assessment Handbook', 'Handbook detailing methods of educational assessment and evaluation.', 'http://example.com/educational_assessment_handbook.pdf', 'https://via.placeholder.com/200x200'),
(353, 112, NULL, 'Curriculum Innovation Manual', 'Manual exploring innovative approaches to curriculum development.', 'http://example.com/curriculum_innovation_manual.pdf', 'https://via.placeholder.com/200x200'),
(354, 113, NULL, 'Policy and Practice Textbook', 'Textbook examining educational policy and its impact on practice.', 'http://example.com/policy_and_practice_textbook.pdf', 'https://via.placeholder.com/200x200'),
(355, 114, NULL, 'Technology in Education Guide', 'Guide covering the integration of technology in educational settings.', 'http://example.com/technology_in_education_guide.pdf', 'https://via.placeholder.com/200x200'),
(356, 115, NULL, 'Cognitive Development Textbook', 'Textbook studying cognitive development in children and adolescents.', 'http://example.com/cognitive_development_textbook.pdf', 'https://via.placeholder.com/200x200'),
(357, 116, NULL, 'Learning Theories Handbook', 'Handbook examining major theories of learning.', 'http://example.com/learning_theories_handbook.pdf', 'https://via.placeholder.com/200x200'),
(358, 117, NULL, 'Educational Assessment Tools', 'Tools for assessing student learning.', 'http://example.com/educational_assessment_tools.pdf', 'https://via.placeholder.com/200x200'),
(359, 118, NULL, 'Motivation in Education Guide', 'Guide studying motivational theories and their application in education.', 'http://example.com/motivation_in_education_guide.pdf', 'https://via.placeholder.com/200x200'),
(360, 119, NULL, 'Classroom Management Manual', 'Manual detailing strategies for effective classroom management.', 'http://example.com/classroom_management_manual.pdf', 'https://via.placeholder.com/200x200'),
(361, 120, NULL, 'Special Education Needs Handbook', 'Handbook providing an overview of special educational needs and inclusive practices.', 'http://example.com/special_education_needs_handbook.pdf', 'https://via.placeholder.com/200x200'),
(362, 121, NULL, 'Inclusive Education Guide', 'Guide covering principles and practices of inclusive education.', 'http://example.com/inclusive_education_guide.pdf', 'https://via.placeholder.com/200x200'),
(363, 122, NULL, 'Disability Studies Textbook', 'Textbook examining disability from a social and educational perspective.', 'http://example.com/disability_studies_textbook.pdf', 'https://via.placeholder.com/200x200'),
(364, 123, NULL, 'Assistive Technology Handbook', 'Handbook covering the use of assistive technology in special education.', 'http://example.com/assistive_technology_handbook.pdf', 'https://via.placeholder.com/200x200'),
(365, 124, NULL, 'Behavioral Interventions Guide', 'Guide detailing behavioral strategies for students with special needs.', 'http://example.com/behavioral_interventions_guide.pdf', 'https://via.placeholder.com/200x200'),
(366, 125, NULL, 'Special Education Law Textbook', 'Textbook covering legal aspects of special education.', 'http://example.com/special_education_law_textbook.pdf', 'https://via.placeholder.com/200x200'),
(367, 126, NULL, 'Collaboration and Teaming Manual', 'Manual on collaborative practices in special education.', 'http://example.com/collaboration_and_teaming_manual.pdf', 'https://via.placeholder.com/200x200'),
(368, 1, NULL, 'Quantum Mechanics Lecture Notes', 'Comprehensive lecture notes covering quantum mechanics topics.', 'http://example.com/quantum_mechanics_notes.pdf', 'https://via.placeholder.com/200x200'),
(369, 2, NULL, 'Advanced Quantum Mechanics Textbook', 'Textbook providing advanced insights into quantum mechanics principles.', 'http://example.com/advanced_quantum_mechanics_textbook.pdf', 'https://via.placeholder.com/200x200'),
(370, 3, NULL, 'Classical Mechanics Problem Sets', 'Collection of problem sets to enhance understanding of classical mechanics.', 'http://example.com/classical_mechanics_problems.pdf', 'https://via.placeholder.com/200x200'),
(371, 4, NULL, 'Electromagnetism Laboratory Manual', 'Laboratory manual for conducting electromagnetism experiments.', 'http://example.com/electromagnetism_lab_manual.pdf', 'https://via.placeholder.com/200x200'),
(372, 5, NULL, 'Thermodynamics Research Paper', 'Research paper exploring recent advancements in thermodynamics.', 'http://example.com/thermodynamics_research_paper.pdf', 'https://via.placeholder.com/200x200'),
(373, 6, NULL, 'Particle Physics Presentation Slides', 'Presentation slides summarizing key concepts in particle physics.', 'http://example.com/particle_physics_presentation.pdf', 'https://via.placeholder.com/200x200'),
(374, 7, NULL, 'Organic Chemistry Study Guide', 'Study guide covering essential topics in organic chemistry.', 'http://example.com/organic_chemistry_study_guide.pdf', 'https://via.placeholder.com/200x200'),
(375, 8, NULL, 'Advanced Organic Chemistry Laboratory Handbook', 'Handbook detailing advanced organic chemistry laboratory procedures.', 'http://example.com/advanced_organic_chemistry_lab_handbook.pdf', 'https://via.placeholder.com/200x200'),
(376, 9, NULL, 'Inorganic Chemistry Research Article', 'Research article discussing recent developments in inorganic chemistry.', 'http://example.com/inorganic_chemistry_research_article.pdf', 'https://via.placeholder.com/200x200'),
(377, 10, NULL, 'Physical Chemistry Lecture Videos', 'Series of lecture videos covering physical chemistry topics.', 'http://example.com/physical_chemistry_lecture_videos.pdf', 'https://via.placeholder.com/200x200'),
(378, 11, NULL, 'Environmental Chemistry Case Studies', 'Case studies exploring real-world applications of environmental chemistry.', 'http://example.com/environmental_chemistry_case_studies.pdf', 'https://via.placeholder.com/200x200'),
(379, 12, NULL, 'Analytical Chemistry Data Analysis Workbook', 'Workbook for practicing data analysis techniques in analytical chemistry.', 'http://example.com/analytical_chemistry_data_analysis_workbook.pdf', 'https://via.placeholder.com/200x200'),
(380, 13, NULL, 'Molecular Biology Textbook', 'Comprehensive textbook covering molecular biology principles.', 'http://example.com/molecular_biology_textbook.pdf', 'https://via.placeholder.com/200x200'),
(381, 14, NULL, 'Genetic Research Journal Articles', 'Collection of journal articles discussing recent genetic research findings.', 'http://example.com/genetic_research_journal_articles.pdf', 'https://via.placeholder.com/200x200'),
(382, 15, NULL, 'Cell Biology Lecture Notes', 'Detailed lecture notes covering cell biology topics.', 'http://example.com/cell_biology_lecture_notes.pdf', 'https://via.placeholder.com/200x200'),
(383, 16, NULL, 'Microbiology Lab Protocols', 'Protocols for conducting microbiology experiments in the laboratory.', 'http://example.com/microbiology_lab_protocols.pdf', 'https://via.placeholder.com/200x200'),
(384, 17, NULL, 'Ecology Field Study Report', 'Field study report examining ecological principles in natural environments.', 'http://example.com/ecology_field_study_report.pdf', 'https://via.placeholder.com/200x200'),
(385, 18, NULL, 'Biostatistics Practice Problems', 'Set of practice problems to reinforce understanding of biostatistics concepts.', 'http://example.com/biostatistics_practice_problems.pdf', 'https://via.placeholder.com/200x200'),
(386, 19, NULL, 'Medieval History Documentary', 'Documentary film exploring various aspects of medieval European history.', 'http://example.com/medieval_history_documentary.pdf', 'https://via.placeholder.com/200x200'),
(387, 20, NULL, 'Renaissance History Podcast Episodes', 'Podcast episodes discussing significant events and figures of the Renaissance period.', 'http://example.com/renaissance_history_podcast_episodes.pdf', 'https://via.placeholder.com/200x200'),
(388, 21, NULL, 'Modern History Textbook', 'Textbook providing an overview of major events and trends in modern history.', 'http://example.com/modern_history_textbook.pdf', 'https://via.placeholder.com/200x200'),
(389, 22, NULL, 'World War I & II Documentary Series', 'Series of documentaries exploring the causes and consequences of World War I & II.', 'http://example.com/world_war_documentary_series.pdf', 'https://via.placeholder.com/200x200'),
(390, 23, NULL, 'Ancient Civilizations Research Papers', 'Collection of research papers on various ancient civilizations and cultures.', 'http://example.com/ancient_civilizations_research_papers.pdf', 'https://via.placeholder.com/200x200'),
(391, 24, NULL, 'History of the Americas Lecture Slides', 'Lecture slides summarizing key events and developments in the history of the Americas.', 'http://example.com/history_of_the_americas_lecture_slides.pdf', 'https://via.placeholder.com/200x200'),
(392, 25, NULL, 'Existentialism Reading List', 'Reading list featuring essential texts in existentialist philosophy.', 'http://example.com/existentialism_reading_list.pdf', 'https://via.placeholder.com/200x200'),
(393, 26, NULL, 'Modern Philosophy Essay Collection', 'Collection of essays discussing key figures and ideas in modern philosophy.', 'http://example.com/modern_philosophy_essay_collection.pdf', 'https://via.placeholder.com/200x200'),
(394, 27, NULL, 'Ethics Case Studies', 'Case studies exploring ethical dilemmas and decision making processes.', 'http://example.com/ethics_case_studies.pdf', 'https://via.placeholder.com/200x200'),
(395, 28, NULL, 'Political Philosophy Textbook', 'Textbook examining various political philosophies and ideologies.', 'http://example.com/political_philosophy_textbook.pdf', 'https://via.placeholder.com/200x200'),
(396, 29, NULL, 'Metaphysics Research Papers', 'Research papers delving into metaphysical questions and theories.', 'http://example.com/metaphysics_research_papers.pdf', 'https://via.placeholder.com/200x200'),
(397, 30, NULL, 'Philosophy of Mind Lecture Videos', 'Series of lecture videos exploring philosophical issues related to the mind.', 'http://example.com/philosophy_of_mind_lecture_videos.pdf', 'https://via.placeholder.com/200x200'),
(398, 31, NULL, 'Linguistics Textbook', 'Textbook providing an introduction to the field of linguistics.', 'http://example.com/linguistics_textbook.pdf', 'https://via.placeholder.com/200x200'),
(399, 32, NULL, 'Advanced Linguistics Journal Articles', 'Collection of journal articles discussing advanced linguistic theories.', 'http://example.com/advanced_linguistics_journal_articles.pdf', 'https://via.placeholder.com/200x200'),
(400, 33, NULL, 'Language Acquisition Research Papers', 'Research papers examining various aspects of language acquisition.', 'http://example.com/language_acquisition_research_papers.pdf', 'https://via.placeholder.com/200x200'),
(401, 34, NULL, 'Applied Linguistics Case Studies', 'Case studies illustrating applications of linguistic knowledge in real-world contexts.', 'http://example.com/applied_linguistics_case_studies.pdf', 'https://via.placeholder.com/200x200'),
(402, 35, NULL, 'Sociolinguistics Survey Data', 'Survey data exploring the relationship between language and society.', 'http://example.com/sociolinguistics_survey_data.pdf', 'https://via.placeholder.com/200x200'),
(403, 36, NULL, 'Language Policy Analysis Report', 'Report analyzing the development and implementation of language policies.', 'http://example.com/language_policy_analysis_report.pdf', 'https://via.placeholder.com/200x200'),
(404, 37, NULL, 'Robotics Textbook', 'Comprehensive textbook covering fundamental concepts in robotics.', 'http://example.com/robotics_textbook.pdf', 'https://via.placeholder.com/200x200'),
(405, 38, NULL, 'Advanced Robotics Research Papers', 'Research papers discussing advanced topics and developments in robotics.', 'http://example.com/advanced_robotics_research_papers.pdf', 'https://via.placeholder.com/200x200'),
(406, 39, NULL, 'Industrial Engineering Handbook', 'Handbook providing guidance on principles and practices of industrial engineering.', 'http://example.com/industrial_engineering_handbook.pdf', 'https://via.placeholder.com/200x200'),
(407, 40, NULL, 'Manufacturing Processes Manual', 'Manual detailing various manufacturing techniques and processes.', 'http://example.com/manufacturing_processes_manual.pdf', 'https://via.placeholder.com/200x200'),
(408, 41, NULL, 'Thermodynamics Textbook', 'Textbook covering the fundamental principles of thermodynamics.', 'http://example.com/thermodynamics_textbook.pdf', 'https://via.placeholder.com/200x200'),
(409, 42, NULL, 'Fluid Mechanics Lecture Videos', 'Series of lecture videos exploring fluid mechanics concepts and applications.', 'http://example.com/fluid_mechanics_lecture_videos.pdf', 'https://via.placeholder.com/200x200'),
(410, 43, NULL, 'Structural Engineering Handbook', 'Comprehensive handbook covering principles and practices of structural engineering.', 'http://example.com/structural_engineering_handbook.pdf', 'https://via.placeholder.com/200x200'),
(411, 44, NULL, 'Advanced Structural Engineering Research Papers', 'Research papers delving into advanced topics in structural engineering.', 'http://example.com/advanced_structural_engineering_research_papers.pdf', 'https://via.placeholder.com/200x200'),
(412, 45, NULL, 'Environmental Engineering Textbook', 'Textbook providing an overview of environmental engineering principles and applications.', 'http://example.com/environmental_engineering_textbook.pdf', 'https://via.placeholder.com/200x200'),
(413, 46, NULL, 'Sustainable Development Report', 'Report discussing sustainable development practices and strategies.', 'http://example.com/sustainable_development_report.pdf', 'https://via.placeholder.com/200x200'),
(414, 47, NULL, 'Geotechnical Engineering Laboratory Manual', 'Laboratory manual covering experiments in soil mechanics and geotechnical engineering.', 'http://example.com/geotechnical_engineering_lab_manual.pdf', 'https://via.placeholder.com/200x200'),
(415, 48, NULL, 'Advanced Geotechnical Engineering Research Papers', 'Research papers exploring advanced techniques in geotechnical engineering.', 'http://example.com/advanced_geotechnical_engineering_research_papers.pdf', 'https://via.placeholder.com/200x200'),
(416, 49, NULL, 'Circuit Analysis Textbook', 'Textbook providing a comprehensive coverage of electric circuit analysis.', 'http://example.com/circuit_analysis_textbook.pdf', 'https://via.placeholder.com/200x200'),
(417, 50, NULL, 'Advanced Circuit Analysis Research Papers', 'Research papers discussing advanced topics in circuit analysis and design.', 'http://example.com/advanced_circuit_analysis_research_papers.pdf', 'https://via.placeholder.com/200x200'),
(418, 51, NULL, 'Digital Systems Handbook', 'Handbook detailing various digital systems and their applications.', 'http://example.com/digital_systems_handbook.pdf', 'https://via.placeholder.com/200x200'),
(419, 52, NULL, 'Control Systems Lecture Slides', 'Lecture slides summarizing key concepts in control systems engineering.', 'http://example.com/control_systems_lecture_slides.pdf', 'https://via.placeholder.com/200x200'),
(420, 53, NULL, 'Power Systems Textbook', 'Textbook covering the principles and components of electrical power systems.', 'http://example.com/power_systems_textbook.pdf', 'https://via.placeholder.com/200x200'),
(421, 54, NULL, 'Renewable Energy Systems Research Papers', 'Research papers exploring the latest advancements in renewable energy technologies.', 'http://example.com/renewable_energy_systems_research_papers.pdf', 'https://via.placeholder.com/200x200'),
(422, 55, NULL, 'Minimally Invasive Surgery Handbook', 'Handbook providing guidance on techniques in minimally invasive surgery.', 'http://example.com/minimally_invasive_surgery_handbook.pdf', 'https://via.placeholder.com/200x200'),
(423, 56, NULL, 'General Surgery Textbook', 'Textbook covering various aspects of general surgical practices.', 'http://example.com/general_surgery_textbook.pdf', 'https://via.placeholder.com/200x200'),
(424, 57, NULL, 'Cardiovascular Surgery Research Papers', 'Research papers discussing innovative procedures in cardiovascular surgery.', 'http://example.com/cardiovascular_surgery_research_papers.pdf', 'https://via.placeholder.com/200x200'),
(425, 58, NULL, 'Surgical Anatomy Illustrated Guide', 'Illustrated guide providing detailed anatomical insights for surgical applications.', 'http://example.com/surgical_anatomy_illustrated_guide.pdf', 'https://via.placeholder.com/200x200'),
(426, 59, NULL, 'Surgical Techniques Video Tutorials', 'Video tutorials demonstrating various surgical techniques.', 'http://example.com/surgical_techniques_video_tutorials.pdf', 'https://via.placeholder.com/200x200'),
(427, 60, NULL, 'Patient-Centered Surgery Case Studies', 'Case studies highlighting approaches to patient-centered care in surgery.', 'http://example.com/patient_centered_surgery_case_studies.pdf', 'https://via.placeholder.com/200x200'),
(428, 61, NULL, 'Developmental Pediatrics Textbook', 'Textbook providing an overview of developmental disorders in children.', 'http://example.com/developmental_pediatrics_textbook.pdf', 'https://via.placeholder.com/200x200'),
(429, 62, NULL, 'Child Health Handbook', 'Handbook covering various aspects of child health care.', 'http://example.com/child_health_handbook.pdf', 'https://via.placeholder.com/200x200'),
(430, 63, NULL, 'Pediatric Infectious Diseases Research Papers', 'Research papers discussing infectious diseases in pediatric populations.', 'http://example.com/pediatric_infectious_diseases_research_papers.pdf', 'https://via.placeholder.com/200x200'),
(431, 64, NULL, 'Pediatric Nutrition Guide', 'Guide providing nutritional guidelines for pediatric populations.', 'http://example.com/pediatric_nutrition_guide.pdf', 'https://via.placeholder.com/200x200'),
(432, 65, NULL, 'Clinical Pediatrics Case Studies', 'Case studies illustrating clinical approaches in pediatric care.', 'http://example.com/clinical_pediatrics_case_studies.pdf', 'https://via.placeholder.com/200x200'),
(433, 66, NULL, 'Pediatric Research Papers', 'Research papers detailing methodologies used in pediatric research.', 'http://example.com/pediatric_research_papers.pdf', 'https://via.placeholder.com/200x200'),
(434, 67, NULL, 'Mood Disorders Handbook', 'Handbook providing an in-depth understanding of mood disorders and treatment strategies.', 'http://example.com/mood_disorders_handbook.pdf', 'https://via.placeholder.com/200x200'),
(435, 68, NULL, 'Adolescent Psychiatry Textbook', 'Textbook covering psychiatric care specific to adolescent populations.', 'http://example.com/adolescent_psychiatry_textbook.pdf', 'https://via.placeholder.com/200x200'),
(436, 69, NULL, 'Clinical Psychiatry Research Papers', 'Research papers discussing clinical practices and advancements in psychiatry.', 'http://example.com/clinical_psychiatry_research_papers.pdf', 'https://via.placeholder.com/200x200'),
(437, 70, NULL, 'Psychopharmacology Guide', 'Guide detailing medications used in psychiatric treatment and their effects.', 'http://example.com/psychopharmacology_guide.pdf', 'https://via.placeholder.com/200x200'),
(438, 71, NULL, 'Cognitive Behavioral Therapy Manual', 'Manual providing an overview of principles and applications of CBT.', 'http://example.com/cognitive_behavioral_therapy_manual.pdf', 'https://via.placeholder.com/200x200'),
(439, 73, NULL, 'Constitutional Law Textbook', 'Textbook covering foundational principles and key case law in constitutional law.', 'http://example.com/constitutional_law_textbook.pdf', 'https://via.placeholder.com/200x200'),
(440, 74, NULL, 'Public Policy Analysis Papers', 'Analysis papers examining legal aspects of public policy development and implementation.', 'http://example.com/public_policy_analysis_papers.pdf', 'https://via.placeholder.com/200x200'),
(441, 75, NULL, 'Administrative Law Handbook', 'Handbook providing insights into the regulation of government agencies and actions.', 'http://example.com/administrative_law_handbook.pdf', 'https://via.placeholder.com/200x200'),
(442, 76, NULL, 'Human Rights Law Documents', 'Legal documents outlining frameworks for the protection of human rights.', 'http://example.com/human_rights_law_documents.pdf', 'https://via.placeholder.com/200x200'),
(443, 77, NULL, 'Environmental Law Case Studies', 'Case studies illustrating legal principles related to environmental protection.', 'http://example.com/environmental_law_case_studies.pdf', 'https://via.placeholder.com/200x200'),
(444, 78, NULL, 'Public International Law Textbook', 'Textbook covering principles of international public law.', 'http://example.com/public_international_law_textbook.pdf', 'https://via.placeholder.com/200x200'),
(445, 79, NULL, 'Contract Law Handbook', 'Handbook providing a comprehensive overview of contract formation and enforcement.', 'http://example.com/contract_law_handbook.pdf', 'https://via.placeholder.com/200x200'),
(446, 80, NULL, 'Property Law Textbook', 'Textbook covering legal principles governing property ownership and use.', 'http://example.com/property_law_textbook.pdf', 'https://via.placeholder.com/200x200'),
(447, 81, NULL, 'Family Law Case Studies', 'Case studies illustrating laws regulating family relationships and disputes.', 'http://example.com/family_law_case_studies.pdf', 'https://via.placeholder.com/200x200'),
(448, 82, NULL, 'Commercial Law Textbook', 'Textbook covering legal aspects of business and commerce.', 'http://example.com/commercial_law_textbook.pdf', 'https://via.placeholder.com/200x200'),
(449, 83, NULL, 'Intellectual Property Law Guide', 'Guide providing insights into the protection of intellectual property rights.', 'http://example.com/intellectual_property_law_guide.pdf', 'https://via.placeholder.com/200x200'),
(450, 84, NULL, 'Tort Law Casebook', 'Casebook detailing legal remedies for civil wrongs.', 'http://example.com/tort_law_casebook.pdf', 'https://via.placeholder.com/200x200'),
(451, 85, NULL, 'International Trade Law Handbook', 'Handbook providing an overview of regulations in international trade and commerce.', 'http://example.com/international_trade_law_handbook.pdf', 'https://via.placeholder.com/200x200'),
(452, 86, NULL, 'International Human Rights Law Documents', 'Legal documents outlining frameworks for international human rights.', 'http://example.com/international_human_rights_law_documents.pdf', 'https://via.placeholder.com/200x200'),
(453, 87, NULL, 'Law of the Sea Textbook', 'Textbook covering legal principles governing maritime activities.', 'http://example.com/law_of_the_sea_textbook.pdf', 'https://via.placeholder.com/200x200'),
(454, 88, NULL, 'International Criminal Law Case Studies', 'Case studies illustrating prosecution and defense strategies for international crimes.', 'http://example.com/international_criminal_law_case_studies.pdf', 'https://via.placeholder.com/200x200'),
(455, 89, NULL, 'Diplomatic Law Handbook', 'Handbook providing insights into legal aspects of diplomacy and international relations.', 'http://example.com/diplomatic_law_handbook.pdf', 'https://via.placeholder.com/200x200'),
(456, 90, NULL, 'International Environmental Law Documents', 'Legal documents outlining principles for environmental protection globally.', 'http://example.com/international_environmental_law_documents.pdf', 'https://via.placeholder.com/200x200'),
(457, 91, NULL, 'Forensic Accounting Handbook', 'Handbook providing insights into financial fraud detection and prevention.', 'http://example.com/forensic_accounting_handbook.pdf', 'https://via.placeholder.com/200x200'),
(458, 92, NULL, 'Advanced Financial Accounting Textbook', 'Textbook providing an in-depth analysis of financial accounting standards and practices.', 'http://example.com/advanced_financial_accounting_textbook.pdf', 'https://via.placeholder.com/200x200'),
(459, 93, NULL, 'Cost Accounting Manual', 'Manual providing an introduction to cost accounting principles and techniques.', 'http://example.com/cost_accounting_manual.pdf', 'https://via.placeholder.com/200x200'),
(460, 94, NULL, 'International Accounting Guide', 'Guide covering accounting principles and practices in an international context.', 'http://example.com/international_accounting_guide.pdf', 'https://via.placeholder.com/200x200'),
(461, 95, NULL, 'Taxation Handbook', 'Handbook providing a comprehensive study of tax systems and their application.', 'http://example.com/taxation_handbook.pdf', 'https://via.placeholder.com/200x200'),
(462, 96, NULL, 'Auditing Manual', 'Manual covering principles and practices of auditing.', 'http://example.com/auditing_manual.pdf', 'https://via.placeholder.com/200x200'),
(463, 97, NULL, 'Strategic Management Textbook', 'Textbook covering the study of strategy formulation and implementation.', 'http://example.com/strategic_management_textbook.pdf', 'https://via.placeholder.com/200x200'),
(464, 98, NULL, 'Organizational Behavior Guide', 'Guide examining individual and group behavior in organizations.', 'http://example.com/organizational_behavior_guide.pdf', 'https://via.placeholder.com/200x200'),
(465, 99, NULL, 'Human Resource Management Handbook', 'Handbook providing an introduction to HRM practices and policies.', 'http://example.com/human_resource_management_handbook.pdf', 'https://via.placeholder.com/200x200'),
(466, 100, NULL, 'Leadership and Management Textbook', 'Textbook exploring leadership theories and practices.', 'http://example.com/leadership_and_management_textbook.pdf', 'https://via.placeholder.com/200x200'),
(467, 101, NULL, 'Project Management Guide', 'Guide covering principles of planning, executing, and closing projects.', 'http://example.com/project_management_guide.pdf', 'https://via.placeholder.com/200x200'),
(468, 102, NULL, 'Business Ethics Handbook', 'Handbook studying ethical issues in business.', 'http://example.com/business_ethics_handbook.pdf', 'https://via.placeholder.com/200x200'),
(469, 103, NULL, 'Financial Markets Textbook', 'Textbook providing an overview of financial markets and instruments.', 'http://example.com/financial_markets_textbook.pdf', 'https://via.placeholder.com/200x200'),
(470, 104, NULL, 'Corporate Finance Guide', 'Guide covering the study of corporate financial management.', 'http://example.com/corporate_finance_guide.pdf', 'https://via.placeholder.com/200x200'),
(471, 105, NULL, 'Investment Analysis Handbook', 'Handbook detailing principles of investment analysis and portfolio management.', 'http://example.com/investment_analysis_handbook.pdf', 'https://via.placeholder.com/200x200'),
(472, 106, NULL, 'International Finance Textbook', 'Textbook studying financial management in an international context.', 'http://example.com/international_finance_textbook.pdf', 'https://via.placeholder.com/200x200'),
(473, 107, NULL, 'Financial Risk Management Guide', 'Guide providing strategies for managing financial risks.', 'http://example.com/financial_risk_management_guide.pdf', 'https://via.placeholder.com/200x200'),
(474, 108, NULL, 'Behavioral Finance Handbook', 'Handbook studying psychological influences on financial decision-making.', 'http://example.com/behavioral_finance_handbook.pdf', 'https://via.placeholder.com/200x200'),
(475, 109, NULL, 'Curriculum Design Textbook', 'Textbook covering principles of curriculum design and development.', 'http://example.com/curriculum_design_textbook.pdf', 'https://via.placeholder.com/200x200'),
(476, 110, NULL, 'Instructional Strategies Guide', 'Guide to effective instructional strategies for diverse classrooms.', 'http://example.com/instructional_strategies_guide.pdf', 'https://via.placeholder.com/200x200'),
(477, 111, NULL, 'Educational Assessment Handbook', 'Handbook detailing methods of educational assessment and evaluation.', 'http://example.com/educational_assessment_handbook.pdf', 'https://via.placeholder.com/200x200'),
(478, 112, NULL, 'Curriculum Innovation Manual', 'Manual exploring innovative approaches to curriculum development.', 'http://example.com/curriculum_innovation_manual.pdf', 'https://via.placeholder.com/200x200'),
(479, 113, NULL, 'Policy and Practice Textbook', 'Textbook examining educational policy and its impact on practice.', 'http://example.com/policy_and_practice_textbook.pdf', 'https://via.placeholder.com/200x200'),
(480, 114, NULL, 'Technology in Education Guide', 'Guide covering the integration of technology in educational settings.', 'http://example.com/technology_in_education_guide.pdf', 'https://via.placeholder.com/200x200'),
(481, 115, NULL, 'Cognitive Development Textbook', 'Textbook studying cognitive development in children and adolescents.', 'http://example.com/cognitive_development_textbook.pdf', 'https://via.placeholder.com/200x200'),
(482, 116, NULL, 'Learning Theories Handbook', 'Handbook examining major theories of learning.', 'http://example.com/learning_theories_handbook.pdf', 'https://via.placeholder.com/200x200'),
(483, 117, NULL, 'Educational Assessment Tools', 'Tools for assessing student learning.', 'http://example.com/educational_assessment_tools.pdf', 'https://via.placeholder.com/200x200'),
(484, 118, NULL, 'Motivation in Education Guide', 'Guide studying motivational theories and their application in education.', 'http://example.com/motivation_in_education_guide.pdf', 'https://via.placeholder.com/200x200'),
(485, 119, NULL, 'Classroom Management Manual', 'Manual detailing strategies for effective classroom management.', 'http://example.com/classroom_management_manual.pdf', 'https://via.placeholder.com/200x200'),
(486, 120, NULL, 'Special Education Needs Handbook', 'Handbook providing an overview of special educational needs and inclusive practices.', 'http://example.com/special_education_needs_handbook.pdf', 'https://via.placeholder.com/200x200'),
(487, 121, NULL, 'Inclusive Education Guide', 'Guide covering principles and practices of inclusive education.', 'http://example.com/inclusive_education_guide.pdf', 'https://via.placeholder.com/200x200'),
(488, 122, NULL, 'Disability Studies Textbook', 'Textbook examining disability from a social and educational perspective.', 'http://example.com/disability_studies_textbook.pdf', 'https://via.placeholder.com/200x200'),
(489, 123, NULL, 'Assistive Technology Handbook', 'Handbook covering the use of assistive technology in special education.', 'http://example.com/assistive_technology_handbook.pdf', 'https://via.placeholder.com/200x200'),
(490, 124, NULL, 'Behavioral Interventions Guide', 'Guide detailing behavioral strategies for students with special needs.', 'http://example.com/behavioral_interventions_guide.pdf', 'https://via.placeholder.com/200x200'),
(491, 125, NULL, 'Special Education Law Textbook', 'Textbook covering legal aspects of special education.', 'http://example.com/special_education_law_textbook.pdf', 'https://via.placeholder.com/200x200'),
(492, 126, NULL, 'Collaboration and Teaming Manual', 'Manual on collaborative practices in special education.', 'http://example.com/collaboration_and_teaming_manual.pdf', 'https://via.placeholder.com/200x200'),
(493, 1, NULL, 'Quantum Mechanics Lecture Notes', 'Comprehensive lecture notes covering quantum mechanics topics.', 'http://example.com/quantum_mechanics_notes.pdf', 'https://via.placeholder.com/200x200'),
(494, 2, NULL, 'Advanced Quantum Mechanics Textbook', 'Textbook providing advanced insights into quantum mechanics principles.', 'http://example.com/advanced_quantum_mechanics_textbook.pdf', 'https://via.placeholder.com/200x200'),
(495, 3, NULL, 'Classical Mechanics Problem Sets', 'Collection of problem sets to enhance understanding of classical mechanics.', 'http://example.com/classical_mechanics_problems.pdf', 'https://via.placeholder.com/200x200'),
(496, 4, NULL, 'Electromagnetism Laboratory Manual', 'Laboratory manual for conducting electromagnetism experiments.', 'http://example.com/electromagnetism_lab_manual.pdf', 'https://via.placeholder.com/200x200'),
(497, 5, NULL, 'Thermodynamics Research Paper', 'Research paper exploring recent advancements in thermodynamics.', 'http://example.com/thermodynamics_research_paper.pdf', 'https://via.placeholder.com/200x200'),
(498, 6, NULL, 'Particle Physics Presentation Slides', 'Presentation slides summarizing key concepts in particle physics.', 'http://example.com/particle_physics_presentation.pdf', 'https://via.placeholder.com/200x200'),
(499, 7, NULL, 'Organic Chemistry Study Guide', 'Study guide covering essential topics in organic chemistry.', 'http://example.com/organic_chemistry_study_guide.pdf', 'https://via.placeholder.com/200x200'),
(500, 8, NULL, 'Advanced Organic Chemistry Laboratory Handbook', 'Handbook detailing advanced organic chemistry laboratory procedures.', 'http://example.com/advanced_organic_chemistry_lab_handbook.pdf', 'https://via.placeholder.com/200x200'),
(501, 9, NULL, 'Inorganic Chemistry Research Article', 'Research article discussing recent developments in inorganic chemistry.', 'http://example.com/inorganic_chemistry_research_article.pdf', 'https://via.placeholder.com/200x200'),
(502, 10, NULL, 'Physical Chemistry Lecture Videos', 'Series of lecture videos covering physical chemistry topics.', 'http://example.com/physical_chemistry_lecture_videos.pdf', 'https://via.placeholder.com/200x200'),
(503, 11, NULL, 'Environmental Chemistry Case Studies', 'Case studies exploring real-world applications of environmental chemistry.', 'http://example.com/environmental_chemistry_case_studies.pdf', 'https://via.placeholder.com/200x200'),
(504, 12, NULL, 'Analytical Chemistry Data Analysis Workbook', 'Workbook for practicing data analysis techniques in analytical chemistry.', 'http://example.com/analytical_chemistry_data_analysis_workbook.pdf', 'https://via.placeholder.com/200x200'),
(505, 13, NULL, 'Molecular Biology Textbook', 'Comprehensive textbook covering molecular biology principles.', 'http://example.com/molecular_biology_textbook.pdf', 'https://via.placeholder.com/200x200'),
(506, 14, NULL, 'Genetic Research Journal Articles', 'Collection of journal articles discussing recent genetic research findings.', 'http://example.com/genetic_research_journal_articles.pdf', 'https://via.placeholder.com/200x200'),
(507, 15, NULL, 'Cell Biology Lecture Notes', 'Detailed lecture notes covering cell biology topics.', 'http://example.com/cell_biology_lecture_notes.pdf', 'https://via.placeholder.com/200x200'),
(508, 16, NULL, 'Microbiology Lab Protocols', 'Protocols for conducting microbiology experiments in the laboratory.', 'http://example.com/microbiology_lab_protocols.pdf', 'https://via.placeholder.com/200x200'),
(509, 17, NULL, 'Ecology Field Study Report', 'Field study report examining ecological principles in natural environments.', 'http://example.com/ecology_field_study_report.pdf', 'https://via.placeholder.com/200x200'),
(510, 18, NULL, 'Biostatistics Practice Problems', 'Set of practice problems to reinforce understanding of biostatistics concepts.', 'http://example.com/biostatistics_practice_problems.pdf', 'https://via.placeholder.com/200x200'),
(511, 19, NULL, 'Medieval History Documentary', 'Documentary film exploring various aspects of medieval European history.', 'http://example.com/medieval_history_documentary.pdf', 'https://via.placeholder.com/200x200'),
(512, 20, NULL, 'Renaissance History Podcast Episodes', 'Podcast episodes discussing significant events and figures of the Renaissance period.', 'http://example.com/renaissance_history_podcast_episodes.pdf', 'https://via.placeholder.com/200x200'),
(513, 21, NULL, 'Modern History Textbook', 'Textbook providing an overview of major events and trends in modern history.', 'http://example.com/modern_history_textbook.pdf', 'https://via.placeholder.com/200x200'),
(514, 22, NULL, 'World War I & II Documentary Series', 'Series of documentaries exploring the causes and consequences of World War I & II.', 'http://example.com/world_war_documentary_series.pdf', 'https://via.placeholder.com/200x200'),
(515, 23, NULL, 'Ancient Civilizations Research Papers', 'Collection of research papers on various ancient civilizations and cultures.', 'http://example.com/ancient_civilizations_research_papers.pdf', 'https://via.placeholder.com/200x200'),
(516, 24, NULL, 'History of the Americas Lecture Slides', 'Lecture slides summarizing key events and developments in the history of the Americas.', 'http://example.com/history_of_the_americas_lecture_slides.pdf', 'https://via.placeholder.com/200x200'),
(517, 25, NULL, 'Existentialism Reading List', 'Reading list featuring essential texts in existentialist philosophy.', 'http://example.com/existentialism_reading_list.pdf', 'https://via.placeholder.com/200x200'),
(518, 26, NULL, 'Modern Philosophy Essay Collection', 'Collection of essays discussing key figures and ideas in modern philosophy.', 'http://example.com/modern_philosophy_essay_collection.pdf', 'https://via.placeholder.com/200x200'),
(519, 27, NULL, 'Ethics Case Studies', 'Case studies exploring ethical dilemmas and decision making processes.', 'http://example.com/ethics_case_studies.pdf', 'https://via.placeholder.com/200x200'),
(520, 28, NULL, 'Political Philosophy Textbook', 'Textbook examining various political philosophies and ideologies.', 'http://example.com/political_philosophy_textbook.pdf', 'https://via.placeholder.com/200x200'),
(521, 29, NULL, 'Metaphysics Research Papers', 'Research papers delving into metaphysical questions and theories.', 'http://example.com/metaphysics_research_papers.pdf', 'https://via.placeholder.com/200x200'),
(522, 30, NULL, 'Philosophy of Mind Lecture Videos', 'Series of lecture videos exploring philosophical issues related to the mind.', 'http://example.com/philosophy_of_mind_lecture_videos.pdf', 'https://via.placeholder.com/200x200'),
(523, 31, NULL, 'Linguistics Textbook', 'Textbook providing an introduction to the field of linguistics.', 'http://example.com/linguistics_textbook.pdf', 'https://via.placeholder.com/200x200'),
(524, 32, NULL, 'Advanced Linguistics Journal Articles', 'Collection of journal articles discussing advanced linguistic theories.', 'http://example.com/advanced_linguistics_journal_articles.pdf', 'https://via.placeholder.com/200x200'),
(525, 33, NULL, 'Language Acquisition Research Papers', 'Research papers examining various aspects of language acquisition.', 'http://example.com/language_acquisition_research_papers.pdf', 'https://via.placeholder.com/200x200'),
(526, 34, NULL, 'Applied Linguistics Case Studies', 'Case studies illustrating applications of linguistic knowledge in real-world contexts.', 'http://example.com/applied_linguistics_case_studies.pdf', 'https://via.placeholder.com/200x200'),
(527, 35, NULL, 'Sociolinguistics Survey Data', 'Survey data exploring the relationship between language and society.', 'http://example.com/sociolinguistics_survey_data.pdf', 'https://via.placeholder.com/200x200'),
(528, 36, NULL, 'Language Policy Analysis Report', 'Report analyzing the development and implementation of language policies.', 'http://example.com/language_policy_analysis_report.pdf', 'https://via.placeholder.com/200x200'),
(529, 37, NULL, 'Robotics Textbook', 'Comprehensive textbook covering fundamental concepts in robotics.', 'http://example.com/robotics_textbook.pdf', 'https://via.placeholder.com/200x200'),
(530, 38, NULL, 'Advanced Robotics Research Papers', 'Research papers discussing advanced topics and developments in robotics.', 'http://example.com/advanced_robotics_research_papers.pdf', 'https://via.placeholder.com/200x200'),
(531, 39, NULL, 'Industrial Engineering Handbook', 'Handbook providing guidance on principles and practices of industrial engineering.', 'http://example.com/industrial_engineering_handbook.pdf', 'https://via.placeholder.com/200x200'),
(532, 40, NULL, 'Manufacturing Processes Manual', 'Manual detailing various manufacturing techniques and processes.', 'http://example.com/manufacturing_processes_manual.pdf', 'https://via.placeholder.com/200x200'),
(533, 41, NULL, 'Thermodynamics Textbook', 'Textbook covering the fundamental principles of thermodynamics.', 'http://example.com/thermodynamics_textbook.pdf', 'https://via.placeholder.com/200x200'),
(534, 42, NULL, 'Fluid Mechanics Lecture Videos', 'Series of lecture videos exploring fluid mechanics concepts and applications.', 'http://example.com/fluid_mechanics_lecture_videos.pdf', 'https://via.placeholder.com/200x200'),
(535, 43, NULL, 'Structural Engineering Handbook', 'Comprehensive handbook covering principles and practices of structural engineering.', 'http://example.com/structural_engineering_handbook.pdf', 'https://via.placeholder.com/200x200'),
(536, 44, NULL, 'Advanced Structural Engineering Research Papers', 'Research papers delving into advanced topics in structural engineering.', 'http://example.com/advanced_structural_engineering_research_papers.pdf', 'https://via.placeholder.com/200x200'),
(537, 45, NULL, 'Environmental Engineering Textbook', 'Textbook providing an overview of environmental engineering principles and applications.', 'http://example.com/environmental_engineering_textbook.pdf', 'https://via.placeholder.com/200x200'),
(538, 46, NULL, 'Sustainable Development Report', 'Report discussing sustainable development practices and strategies.', 'http://example.com/sustainable_development_report.pdf', 'https://via.placeholder.com/200x200'),
(539, 47, NULL, 'Geotechnical Engineering Laboratory Manual', 'Laboratory manual covering experiments in soil mechanics and geotechnical engineering.', 'http://example.com/geotechnical_engineering_lab_manual.pdf', 'https://via.placeholder.com/200x200'),
(540, 48, NULL, 'Advanced Geotechnical Engineering Research Papers', 'Research papers exploring advanced techniques in geotechnical engineering.', 'http://example.com/advanced_geotechnical_engineering_research_papers.pdf', 'https://via.placeholder.com/200x200'),
(541, 49, NULL, 'Circuit Analysis Textbook', 'Textbook providing a comprehensive coverage of electric circuit analysis.', 'http://example.com/circuit_analysis_textbook.pdf', 'https://via.placeholder.com/200x200'),
(542, 50, NULL, 'Advanced Circuit Analysis Research Papers', 'Research papers discussing advanced topics in circuit analysis and design.', 'http://example.com/advanced_circuit_analysis_research_papers.pdf', 'https://via.placeholder.com/200x200'),
(543, 51, NULL, 'Digital Systems Handbook', 'Handbook detailing various digital systems and their applications.', 'http://example.com/digital_systems_handbook.pdf', 'https://via.placeholder.com/200x200'),
(544, 52, NULL, 'Control Systems Lecture Slides', 'Lecture slides summarizing key concepts in control systems engineering.', 'http://example.com/control_systems_lecture_slides.pdf', 'https://via.placeholder.com/200x200'),
(545, 53, NULL, 'Power Systems Textbook', 'Textbook covering the principles and components of electrical power systems.', 'http://example.com/power_systems_textbook.pdf', 'https://via.placeholder.com/200x200'),
(546, 54, NULL, 'Renewable Energy Systems Research Papers', 'Research papers exploring the latest advancements in renewable energy technologies.', 'http://example.com/renewable_energy_systems_research_papers.pdf', 'https://via.placeholder.com/200x200'),
(547, 55, NULL, 'Minimally Invasive Surgery Handbook', 'Handbook providing guidance on techniques in minimally invasive surgery.', 'http://example.com/minimally_invasive_surgery_handbook.pdf', 'https://via.placeholder.com/200x200'),
(548, 56, NULL, 'General Surgery Textbook', 'Textbook covering various aspects of general surgical practices.', 'http://example.com/general_surgery_textbook.pdf', 'https://via.placeholder.com/200x200'),
(549, 57, NULL, 'Cardiovascular Surgery Research Papers', 'Research papers discussing innovative procedures in cardiovascular surgery.', 'http://example.com/cardiovascular_surgery_research_papers.pdf', 'https://via.placeholder.com/200x200'),
(550, 58, NULL, 'Surgical Anatomy Illustrated Guide', 'Illustrated guide providing detailed anatomical insights for surgical applications.', 'http://example.com/surgical_anatomy_illustrated_guide.pdf', 'https://via.placeholder.com/200x200'),
(551, 59, NULL, 'Surgical Techniques Video Tutorials', 'Video tutorials demonstrating various surgical techniques.', 'http://example.com/surgical_techniques_video_tutorials.pdf', 'https://via.placeholder.com/200x200'),
(552, 60, NULL, 'Patient-Centered Surgery Case Studies', 'Case studies highlighting approaches to patient-centered care in surgery.', 'http://example.com/patient_centered_surgery_case_studies.pdf', 'https://via.placeholder.com/200x200'),
(553, 61, NULL, 'Developmental Pediatrics Textbook', 'Textbook providing an overview of developmental disorders in children.', 'http://example.com/developmental_pediatrics_textbook.pdf', 'https://via.placeholder.com/200x200'),
(554, 62, NULL, 'Child Health Handbook', 'Handbook covering various aspects of child health care.', 'http://example.com/child_health_handbook.pdf', 'https://via.placeholder.com/200x200'),
(555, 63, NULL, 'Pediatric Infectious Diseases Research Papers', 'Research papers discussing infectious diseases in pediatric populations.', 'http://example.com/pediatric_infectious_diseases_research_papers.pdf', 'https://via.placeholder.com/200x200'),
(556, 64, NULL, 'Pediatric Nutrition Guide', 'Guide providing nutritional guidelines for pediatric populations.', 'http://example.com/pediatric_nutrition_guide.pdf', 'https://via.placeholder.com/200x200'),
(557, 65, NULL, 'Clinical Pediatrics Case Studies', 'Case studies illustrating clinical approaches in pediatric care.', 'http://example.com/clinical_pediatrics_case_studies.pdf', 'https://via.placeholder.com/200x200'),
(558, 66, NULL, 'Pediatric Research Papers', 'Research papers detailing methodologies used in pediatric research.', 'http://example.com/pediatric_research_papers.pdf', 'https://via.placeholder.com/200x200'),
(559, 67, NULL, 'Mood Disorders Handbook', 'Handbook providing an in-depth understanding of mood disorders and treatment strategies.', 'http://example.com/mood_disorders_handbook.pdf', 'https://via.placeholder.com/200x200'),
(560, 68, NULL, 'Adolescent Psychiatry Textbook', 'Textbook covering psychiatric care specific to adolescent populations.', 'http://example.com/adolescent_psychiatry_textbook.pdf', 'https://via.placeholder.com/200x200'),
(561, 69, NULL, 'Clinical Psychiatry Research Papers', 'Research papers discussing clinical practices and advancements in psychiatry.', 'http://example.com/clinical_psychiatry_research_papers.pdf', 'https://via.placeholder.com/200x200'),
(562, 70, NULL, 'Psychopharmacology Guide', 'Guide detailing medications used in psychiatric treatment and their effects.', 'http://example.com/psychopharmacology_guide.pdf', 'https://via.placeholder.com/200x200'),
(563, 71, NULL, 'Cognitive Behavioral Therapy Manual', 'Manual providing an overview of principles and applications of CBT.', 'http://example.com/cognitive_behavioral_therapy_manual.pdf', 'https://via.placeholder.com/200x200'),
(564, 73, NULL, 'Constitutional Law Textbook', 'Textbook covering foundational principles and key case law in constitutional law.', 'http://example.com/constitutional_law_textbook.pdf', 'https://via.placeholder.com/200x200'),
(565, 74, NULL, 'Public Policy Analysis Papers', 'Analysis papers examining legal aspects of public policy development and implementation.', 'http://example.com/public_policy_analysis_papers.pdf', 'https://via.placeholder.com/200x200'),
(566, 75, NULL, 'Administrative Law Handbook', 'Handbook providing insights into the regulation of government agencies and actions.', 'http://example.com/administrative_law_handbook.pdf', 'https://via.placeholder.com/200x200'),
(567, 76, NULL, 'Human Rights Law Documents', 'Legal documents outlining frameworks for the protection of human rights.', 'http://example.com/human_rights_law_documents.pdf', 'https://via.placeholder.com/200x200'),
(568, 77, NULL, 'Environmental Law Case Studies', 'Case studies illustrating legal principles related to environmental protection.', 'http://example.com/environmental_law_case_studies.pdf', 'https://via.placeholder.com/200x200'),
(569, 78, NULL, 'Public International Law Textbook', 'Textbook covering principles of international public law.', 'http://example.com/public_international_law_textbook.pdf', 'https://via.placeholder.com/200x200'),
(570, 79, NULL, 'Contract Law Handbook', 'Handbook providing a comprehensive overview of contract formation and enforcement.', 'http://example.com/contract_law_handbook.pdf', 'https://via.placeholder.com/200x200'),
(571, 80, NULL, 'Property Law Textbook', 'Textbook covering legal principles governing property ownership and use.', 'http://example.com/property_law_textbook.pdf', 'https://via.placeholder.com/200x200'),
(572, 81, NULL, 'Family Law Case Studies', 'Case studies illustrating laws regulating family relationships and disputes.', 'http://example.com/family_law_case_studies.pdf', 'https://via.placeholder.com/200x200'),
(573, 82, NULL, 'Commercial Law Textbook', 'Textbook covering legal aspects of business and commerce.', 'http://example.com/commercial_law_textbook.pdf', 'https://via.placeholder.com/200x200'),
(574, 83, NULL, 'Intellectual Property Law Guide', 'Guide providing insights into the protection of intellectual property rights.', 'http://example.com/intellectual_property_law_guide.pdf', 'https://via.placeholder.com/200x200');
INSERT INTO `materials` (`material_id`, `course_id`, `staff_id`, `title`, `description`, `file_path`, `thumbnail`) VALUES
(575, 84, NULL, 'Tort Law Casebook', 'Casebook detailing legal remedies for civil wrongs.', 'http://example.com/tort_law_casebook.pdf', 'https://via.placeholder.com/200x200'),
(576, 85, NULL, 'International Trade Law Handbook', 'Handbook providing an overview of regulations in international trade and commerce.', 'http://example.com/international_trade_law_handbook.pdf', 'https://via.placeholder.com/200x200'),
(577, 86, NULL, 'International Human Rights Law Documents', 'Legal documents outlining frameworks for international human rights.', 'http://example.com/international_human_rights_law_documents.pdf', 'https://via.placeholder.com/200x200'),
(578, 87, NULL, 'Law of the Sea Textbook', 'Textbook covering legal principles governing maritime activities.', 'http://example.com/law_of_the_sea_textbook.pdf', 'https://via.placeholder.com/200x200'),
(579, 88, NULL, 'International Criminal Law Case Studies', 'Case studies illustrating prosecution and defense strategies for international crimes.', 'http://example.com/international_criminal_law_case_studies.pdf', 'https://via.placeholder.com/200x200'),
(580, 89, NULL, 'Diplomatic Law Handbook', 'Handbook providing insights into legal aspects of diplomacy and international relations.', 'http://example.com/diplomatic_law_handbook.pdf', 'https://via.placeholder.com/200x200'),
(581, 90, NULL, 'International Environmental Law Documents', 'Legal documents outlining principles for environmental protection globally.', 'http://example.com/international_environmental_law_documents.pdf', 'https://via.placeholder.com/200x200'),
(582, 91, NULL, 'Forensic Accounting Handbook', 'Handbook providing insights into financial fraud detection and prevention.', 'http://example.com/forensic_accounting_handbook.pdf', 'https://via.placeholder.com/200x200'),
(583, 92, NULL, 'Advanced Financial Accounting Textbook', 'Textbook providing an in-depth analysis of financial accounting standards and practices.', 'http://example.com/advanced_financial_accounting_textbook.pdf', 'https://via.placeholder.com/200x200'),
(584, 93, NULL, 'Cost Accounting Manual', 'Manual providing an introduction to cost accounting principles and techniques.', 'http://example.com/cost_accounting_manual.pdf', 'https://via.placeholder.com/200x200'),
(585, 94, NULL, 'International Accounting Guide', 'Guide covering accounting principles and practices in an international context.', 'http://example.com/international_accounting_guide.pdf', 'https://via.placeholder.com/200x200'),
(586, 95, NULL, 'Taxation Handbook', 'Handbook providing a comprehensive study of tax systems and their application.', 'http://example.com/taxation_handbook.pdf', 'https://via.placeholder.com/200x200'),
(587, 96, NULL, 'Auditing Manual', 'Manual covering principles and practices of auditing.', 'http://example.com/auditing_manual.pdf', 'https://via.placeholder.com/200x200'),
(588, 97, NULL, 'Strategic Management Textbook', 'Textbook covering the study of strategy formulation and implementation.', 'http://example.com/strategic_management_textbook.pdf', 'https://via.placeholder.com/200x200'),
(589, 98, NULL, 'Organizational Behavior Guide', 'Guide examining individual and group behavior in organizations.', 'http://example.com/organizational_behavior_guide.pdf', 'https://via.placeholder.com/200x200'),
(590, 99, NULL, 'Human Resource Management Handbook', 'Handbook providing an introduction to HRM practices and policies.', 'http://example.com/human_resource_management_handbook.pdf', 'https://via.placeholder.com/200x200'),
(591, 100, NULL, 'Leadership and Management Textbook', 'Textbook exploring leadership theories and practices.', 'http://example.com/leadership_and_management_textbook.pdf', 'https://via.placeholder.com/200x200'),
(592, 101, NULL, 'Project Management Guide', 'Guide covering principles of planning, executing, and closing projects.', 'http://example.com/project_management_guide.pdf', 'https://via.placeholder.com/200x200'),
(593, 102, NULL, 'Business Ethics Handbook', 'Handbook studying ethical issues in business.', 'http://example.com/business_ethics_handbook.pdf', 'https://via.placeholder.com/200x200'),
(594, 103, NULL, 'Financial Markets Textbook', 'Textbook providing an overview of financial markets and instruments.', 'http://example.com/financial_markets_textbook.pdf', 'https://via.placeholder.com/200x200'),
(595, 104, NULL, 'Corporate Finance Guide', 'Guide covering the study of corporate financial management.', 'http://example.com/corporate_finance_guide.pdf', 'https://via.placeholder.com/200x200'),
(596, 105, NULL, 'Investment Analysis Handbook', 'Handbook detailing principles of investment analysis and portfolio management.', 'http://example.com/investment_analysis_handbook.pdf', 'https://via.placeholder.com/200x200'),
(597, 106, NULL, 'International Finance Textbook', 'Textbook studying financial management in an international context.', 'http://example.com/international_finance_textbook.pdf', 'https://via.placeholder.com/200x200'),
(598, 107, NULL, 'Financial Risk Management Guide', 'Guide providing strategies for managing financial risks.', 'http://example.com/financial_risk_management_guide.pdf', 'https://via.placeholder.com/200x200'),
(599, 108, NULL, 'Behavioral Finance Handbook', 'Handbook studying psychological influences on financial decision-making.', 'http://example.com/behavioral_finance_handbook.pdf', 'https://via.placeholder.com/200x200'),
(600, 109, NULL, 'Curriculum Design Textbook', 'Textbook covering principles of curriculum design and development.', 'http://example.com/curriculum_design_textbook.pdf', 'https://via.placeholder.com/200x200'),
(601, 110, NULL, 'Instructional Strategies Guide', 'Guide to effective instructional strategies for diverse classrooms.', 'http://example.com/instructional_strategies_guide.pdf', 'https://via.placeholder.com/200x200'),
(602, 111, NULL, 'Educational Assessment Handbook', 'Handbook detailing methods of educational assessment and evaluation.', 'http://example.com/educational_assessment_handbook.pdf', 'https://via.placeholder.com/200x200'),
(603, 112, NULL, 'Curriculum Innovation Manual', 'Manual exploring innovative approaches to curriculum development.', 'http://example.com/curriculum_innovation_manual.pdf', 'https://via.placeholder.com/200x200'),
(604, 113, NULL, 'Policy and Practice Textbook', 'Textbook examining educational policy and its impact on practice.', 'http://example.com/policy_and_practice_textbook.pdf', 'https://via.placeholder.com/200x200'),
(605, 114, NULL, 'Technology in Education Guide', 'Guide covering the integration of technology in educational settings.', 'http://example.com/technology_in_education_guide.pdf', 'https://via.placeholder.com/200x200'),
(606, 115, NULL, 'Cognitive Development Textbook', 'Textbook studying cognitive development in children and adolescents.', 'http://example.com/cognitive_development_textbook.pdf', 'https://via.placeholder.com/200x200'),
(607, 116, NULL, 'Learning Theories Handbook', 'Handbook examining major theories of learning.', 'http://example.com/learning_theories_handbook.pdf', 'https://via.placeholder.com/200x200'),
(608, 117, NULL, 'Educational Assessment Tools', 'Tools for assessing student learning.', 'http://example.com/educational_assessment_tools.pdf', 'https://via.placeholder.com/200x200'),
(609, 118, NULL, 'Motivation in Education Guide', 'Guide studying motivational theories and their application in education.', 'http://example.com/motivation_in_education_guide.pdf', 'https://via.placeholder.com/200x200'),
(610, 119, NULL, 'Classroom Management Manual', 'Manual detailing strategies for effective classroom management.', 'http://example.com/classroom_management_manual.pdf', 'https://via.placeholder.com/200x200'),
(611, 120, NULL, 'Special Education Needs Handbook', 'Handbook providing an overview of special educational needs and inclusive practices.', 'http://example.com/special_education_needs_handbook.pdf', 'https://via.placeholder.com/200x200'),
(612, 121, NULL, 'Inclusive Education Guide', 'Guide covering principles and practices of inclusive education.', 'http://example.com/inclusive_education_guide.pdf', 'https://via.placeholder.com/200x200'),
(613, 122, NULL, 'Disability Studies Textbook', 'Textbook examining disability from a social and educational perspective.', 'http://example.com/disability_studies_textbook.pdf', 'https://via.placeholder.com/200x200'),
(614, 123, NULL, 'Assistive Technology Handbook', 'Handbook covering the use of assistive technology in special education.', 'http://example.com/assistive_technology_handbook.pdf', 'https://via.placeholder.com/200x200'),
(615, 124, NULL, 'Behavioral Interventions Guide', 'Guide detailing behavioral strategies for students with special needs.', 'http://example.com/behavioral_interventions_guide.pdf', 'https://via.placeholder.com/200x200'),
(616, 125, NULL, 'Special Education Law Textbook', 'Textbook covering legal aspects of special education.', 'http://example.com/special_education_law_textbook.pdf', 'https://via.placeholder.com/200x200'),
(617, 126, NULL, 'Collaboration and Teaming Manual', 'Manual on collaborative practices in special education.', 'http://example.com/collaboration_and_teaming_manual.pdf', 'https://via.placeholder.com/200x200'),
(618, 1, NULL, 'Quantum Mechanics Lecture Notes', 'Comprehensive lecture notes covering quantum mechanics topics.', 'http://example.com/quantum_mechanics_notes.pdf', 'https://via.placeholder.com/200x200'),
(619, 2, NULL, 'Advanced Quantum Mechanics Textbook', 'Textbook providing advanced insights into quantum mechanics principles.', 'http://example.com/advanced_quantum_mechanics_textbook.pdf', 'https://via.placeholder.com/200x200'),
(620, 3, NULL, 'Classical Mechanics Problem Sets', 'Collection of problem sets to enhance understanding of classical mechanics.', 'http://example.com/classical_mechanics_problems.pdf', 'https://via.placeholder.com/200x200'),
(621, 4, NULL, 'Electromagnetism Laboratory Manual', 'Laboratory manual for conducting electromagnetism experiments.', 'http://example.com/electromagnetism_lab_manual.pdf', 'https://via.placeholder.com/200x200'),
(622, 5, NULL, 'Thermodynamics Research Paper', 'Research paper exploring recent advancements in thermodynamics.', 'http://example.com/thermodynamics_research_paper.pdf', 'https://via.placeholder.com/200x200'),
(623, 6, NULL, 'Particle Physics Presentation Slides', 'Presentation slides summarizing key concepts in particle physics.', 'http://example.com/particle_physics_presentation.pdf', 'https://via.placeholder.com/200x200'),
(624, 7, NULL, 'Organic Chemistry Study Guide', 'Study guide covering essential topics in organic chemistry.', 'http://example.com/organic_chemistry_study_guide.pdf', 'https://via.placeholder.com/200x200'),
(625, 8, NULL, 'Advanced Organic Chemistry Laboratory Handbook', 'Handbook detailing advanced organic chemistry laboratory procedures.', 'http://example.com/advanced_organic_chemistry_lab_handbook.pdf', 'https://via.placeholder.com/200x200'),
(626, 9, NULL, 'Inorganic Chemistry Research Article', 'Research article discussing recent developments in inorganic chemistry.', 'http://example.com/inorganic_chemistry_research_article.pdf', 'https://via.placeholder.com/200x200'),
(627, 10, NULL, 'Physical Chemistry Lecture Videos', 'Series of lecture videos covering physical chemistry topics.', 'http://example.com/physical_chemistry_lecture_videos.pdf', 'https://via.placeholder.com/200x200'),
(628, 11, NULL, 'Environmental Chemistry Case Studies', 'Case studies exploring real-world applications of environmental chemistry.', 'http://example.com/environmental_chemistry_case_studies.pdf', 'https://via.placeholder.com/200x200'),
(629, 12, NULL, 'Analytical Chemistry Data Analysis Workbook', 'Workbook for practicing data analysis techniques in analytical chemistry.', 'http://example.com/analytical_chemistry_data_analysis_workbook.pdf', 'https://via.placeholder.com/200x200'),
(630, 13, NULL, 'Molecular Biology Textbook', 'Comprehensive textbook covering molecular biology principles.', 'http://example.com/molecular_biology_textbook.pdf', 'https://via.placeholder.com/200x200'),
(631, 14, NULL, 'Genetic Research Journal Articles', 'Collection of journal articles discussing recent genetic research findings.', 'http://example.com/genetic_research_journal_articles.pdf', 'https://via.placeholder.com/200x200'),
(632, 15, NULL, 'Cell Biology Lecture Notes', 'Detailed lecture notes covering cell biology topics.', 'http://example.com/cell_biology_lecture_notes.pdf', 'https://via.placeholder.com/200x200'),
(633, 16, NULL, 'Microbiology Lab Protocols', 'Protocols for conducting microbiology experiments in the laboratory.', 'http://example.com/microbiology_lab_protocols.pdf', 'https://via.placeholder.com/200x200'),
(634, 17, NULL, 'Ecology Field Study Report', 'Field study report examining ecological principles in natural environments.', 'http://example.com/ecology_field_study_report.pdf', 'https://via.placeholder.com/200x200'),
(635, 18, NULL, 'Biostatistics Practice Problems', 'Set of practice problems to reinforce understanding of biostatistics concepts.', 'http://example.com/biostatistics_practice_problems.pdf', 'https://via.placeholder.com/200x200'),
(636, 19, NULL, 'Medieval History Documentary', 'Documentary film exploring various aspects of medieval European history.', 'http://example.com/medieval_history_documentary.pdf', 'https://via.placeholder.com/200x200'),
(637, 20, NULL, 'Renaissance History Podcast Episodes', 'Podcast episodes discussing significant events and figures of the Renaissance period.', 'http://example.com/renaissance_history_podcast_episodes.pdf', 'https://via.placeholder.com/200x200'),
(638, 21, NULL, 'Modern History Textbook', 'Textbook providing an overview of major events and trends in modern history.', 'http://example.com/modern_history_textbook.pdf', 'https://via.placeholder.com/200x200'),
(639, 22, NULL, 'World War I & II Documentary Series', 'Series of documentaries exploring the causes and consequences of World War I & II.', 'http://example.com/world_war_documentary_series.pdf', 'https://via.placeholder.com/200x200'),
(640, 23, NULL, 'Ancient Civilizations Research Papers', 'Collection of research papers on various ancient civilizations and cultures.', 'http://example.com/ancient_civilizations_research_papers.pdf', 'https://via.placeholder.com/200x200'),
(641, 24, NULL, 'History of the Americas Lecture Slides', 'Lecture slides summarizing key events and developments in the history of the Americas.', 'http://example.com/history_of_the_americas_lecture_slides.pdf', 'https://via.placeholder.com/200x200'),
(642, 25, NULL, 'Existentialism Reading List', 'Reading list featuring essential texts in existentialist philosophy.', 'http://example.com/existentialism_reading_list.pdf', 'https://via.placeholder.com/200x200'),
(643, 26, NULL, 'Modern Philosophy Essay Collection', 'Collection of essays discussing key figures and ideas in modern philosophy.', 'http://example.com/modern_philosophy_essay_collection.pdf', 'https://via.placeholder.com/200x200'),
(644, 27, NULL, 'Ethics Case Studies', 'Case studies exploring ethical dilemmas and decision making processes.', 'http://example.com/ethics_case_studies.pdf', 'https://via.placeholder.com/200x200'),
(645, 28, NULL, 'Political Philosophy Textbook', 'Textbook examining various political philosophies and ideologies.', 'http://example.com/political_philosophy_textbook.pdf', 'https://via.placeholder.com/200x200'),
(646, 29, NULL, 'Metaphysics Research Papers', 'Research papers delving into metaphysical questions and theories.', 'http://example.com/metaphysics_research_papers.pdf', 'https://via.placeholder.com/200x200'),
(647, 30, NULL, 'Philosophy of Mind Lecture Videos', 'Series of lecture videos exploring philosophical issues related to the mind.', 'http://example.com/philosophy_of_mind_lecture_videos.pdf', 'https://via.placeholder.com/200x200'),
(648, 31, NULL, 'Linguistics Textbook', 'Textbook providing an introduction to the field of linguistics.', 'http://example.com/linguistics_textbook.pdf', 'https://via.placeholder.com/200x200'),
(649, 32, NULL, 'Advanced Linguistics Journal Articles', 'Collection of journal articles discussing advanced linguistic theories.', 'http://example.com/advanced_linguistics_journal_articles.pdf', 'https://via.placeholder.com/200x200'),
(650, 33, NULL, 'Language Acquisition Research Papers', 'Research papers examining various aspects of language acquisition.', 'http://example.com/language_acquisition_research_papers.pdf', 'https://via.placeholder.com/200x200'),
(651, 34, NULL, 'Applied Linguistics Case Studies', 'Case studies illustrating applications of linguistic knowledge in real-world contexts.', 'http://example.com/applied_linguistics_case_studies.pdf', 'https://via.placeholder.com/200x200'),
(652, 35, NULL, 'Sociolinguistics Survey Data', 'Survey data exploring the relationship between language and society.', 'http://example.com/sociolinguistics_survey_data.pdf', 'https://via.placeholder.com/200x200'),
(653, 36, NULL, 'Language Policy Analysis Report', 'Report analyzing the development and implementation of language policies.', 'http://example.com/language_policy_analysis_report.pdf', 'https://via.placeholder.com/200x200'),
(654, 37, NULL, 'Robotics Textbook', 'Comprehensive textbook covering fundamental concepts in robotics.', 'http://example.com/robotics_textbook.pdf', 'https://via.placeholder.com/200x200'),
(655, 38, NULL, 'Advanced Robotics Research Papers', 'Research papers discussing advanced topics and developments in robotics.', 'http://example.com/advanced_robotics_research_papers.pdf', 'https://via.placeholder.com/200x200'),
(656, 39, NULL, 'Industrial Engineering Handbook', 'Handbook providing guidance on principles and practices of industrial engineering.', 'http://example.com/industrial_engineering_handbook.pdf', 'https://via.placeholder.com/200x200'),
(657, 40, NULL, 'Manufacturing Processes Manual', 'Manual detailing various manufacturing techniques and processes.', 'http://example.com/manufacturing_processes_manual.pdf', 'https://via.placeholder.com/200x200'),
(658, 41, NULL, 'Thermodynamics Textbook', 'Textbook covering the fundamental principles of thermodynamics.', 'http://example.com/thermodynamics_textbook.pdf', 'https://via.placeholder.com/200x200'),
(659, 42, NULL, 'Fluid Mechanics Lecture Videos', 'Series of lecture videos exploring fluid mechanics concepts and applications.', 'http://example.com/fluid_mechanics_lecture_videos.pdf', 'https://via.placeholder.com/200x200'),
(660, 43, NULL, 'Structural Engineering Handbook', 'Comprehensive handbook covering principles and practices of structural engineering.', 'http://example.com/structural_engineering_handbook.pdf', 'https://via.placeholder.com/200x200'),
(661, 44, NULL, 'Advanced Structural Engineering Research Papers', 'Research papers delving into advanced topics in structural engineering.', 'http://example.com/advanced_structural_engineering_research_papers.pdf', 'https://via.placeholder.com/200x200'),
(662, 45, NULL, 'Environmental Engineering Textbook', 'Textbook providing an overview of environmental engineering principles and applications.', 'http://example.com/environmental_engineering_textbook.pdf', 'https://via.placeholder.com/200x200'),
(663, 46, NULL, 'Sustainable Development Report', 'Report discussing sustainable development practices and strategies.', 'http://example.com/sustainable_development_report.pdf', 'https://via.placeholder.com/200x200'),
(664, 47, NULL, 'Geotechnical Engineering Laboratory Manual', 'Laboratory manual covering experiments in soil mechanics and geotechnical engineering.', 'http://example.com/geotechnical_engineering_lab_manual.pdf', 'https://via.placeholder.com/200x200'),
(665, 48, NULL, 'Advanced Geotechnical Engineering Research Papers', 'Research papers exploring advanced techniques in geotechnical engineering.', 'http://example.com/advanced_geotechnical_engineering_research_papers.pdf', 'https://via.placeholder.com/200x200'),
(666, 49, NULL, 'Circuit Analysis Textbook', 'Textbook providing a comprehensive coverage of electric circuit analysis.', 'http://example.com/circuit_analysis_textbook.pdf', 'https://via.placeholder.com/200x200'),
(667, 50, NULL, 'Advanced Circuit Analysis Research Papers', 'Research papers discussing advanced topics in circuit analysis and design.', 'http://example.com/advanced_circuit_analysis_research_papers.pdf', 'https://via.placeholder.com/200x200'),
(668, 51, NULL, 'Digital Systems Handbook', 'Handbook detailing various digital systems and their applications.', 'http://example.com/digital_systems_handbook.pdf', 'https://via.placeholder.com/200x200'),
(669, 52, NULL, 'Control Systems Lecture Slides', 'Lecture slides summarizing key concepts in control systems engineering.', 'http://example.com/control_systems_lecture_slides.pdf', 'https://via.placeholder.com/200x200'),
(670, 53, NULL, 'Power Systems Textbook', 'Textbook covering the principles and components of electrical power systems.', 'http://example.com/power_systems_textbook.pdf', 'https://via.placeholder.com/200x200'),
(671, 54, NULL, 'Renewable Energy Systems Research Papers', 'Research papers exploring the latest advancements in renewable energy technologies.', 'http://example.com/renewable_energy_systems_research_papers.pdf', 'https://via.placeholder.com/200x200'),
(672, 55, NULL, 'Minimally Invasive Surgery Handbook', 'Handbook providing guidance on techniques in minimally invasive surgery.', 'http://example.com/minimally_invasive_surgery_handbook.pdf', 'https://via.placeholder.com/200x200'),
(673, 56, NULL, 'General Surgery Textbook', 'Textbook covering various aspects of general surgical practices.', 'http://example.com/general_surgery_textbook.pdf', 'https://via.placeholder.com/200x200'),
(674, 57, NULL, 'Cardiovascular Surgery Research Papers', 'Research papers discussing innovative procedures in cardiovascular surgery.', 'http://example.com/cardiovascular_surgery_research_papers.pdf', 'https://via.placeholder.com/200x200'),
(675, 58, NULL, 'Surgical Anatomy Illustrated Guide', 'Illustrated guide providing detailed anatomical insights for surgical applications.', 'http://example.com/surgical_anatomy_illustrated_guide.pdf', 'https://via.placeholder.com/200x200'),
(676, 59, NULL, 'Surgical Techniques Video Tutorials', 'Video tutorials demonstrating various surgical techniques.', 'http://example.com/surgical_techniques_video_tutorials.pdf', 'https://via.placeholder.com/200x200'),
(677, 60, NULL, 'Patient-Centered Surgery Case Studies', 'Case studies highlighting approaches to patient-centered care in surgery.', 'http://example.com/patient_centered_surgery_case_studies.pdf', 'https://via.placeholder.com/200x200'),
(678, 61, NULL, 'Developmental Pediatrics Textbook', 'Textbook providing an overview of developmental disorders in children.', 'http://example.com/developmental_pediatrics_textbook.pdf', 'https://via.placeholder.com/200x200'),
(679, 62, NULL, 'Child Health Handbook', 'Handbook covering various aspects of child health care.', 'http://example.com/child_health_handbook.pdf', 'https://via.placeholder.com/200x200'),
(680, 63, NULL, 'Pediatric Infectious Diseases Research Papers', 'Research papers discussing infectious diseases in pediatric populations.', 'http://example.com/pediatric_infectious_diseases_research_papers.pdf', 'https://via.placeholder.com/200x200'),
(681, 64, NULL, 'Pediatric Nutrition Guide', 'Guide providing nutritional guidelines for pediatric populations.', 'http://example.com/pediatric_nutrition_guide.pdf', 'https://via.placeholder.com/200x200'),
(682, 65, NULL, 'Clinical Pediatrics Case Studies', 'Case studies illustrating clinical approaches in pediatric care.', 'http://example.com/clinical_pediatrics_case_studies.pdf', 'https://via.placeholder.com/200x200'),
(683, 66, NULL, 'Pediatric Research Papers', 'Research papers detailing methodologies used in pediatric research.', 'http://example.com/pediatric_research_papers.pdf', 'https://via.placeholder.com/200x200'),
(684, 67, NULL, 'Mood Disorders Handbook', 'Handbook providing an in-depth understanding of mood disorders and treatment strategies.', 'http://example.com/mood_disorders_handbook.pdf', 'https://via.placeholder.com/200x200'),
(685, 68, NULL, 'Adolescent Psychiatry Textbook', 'Textbook covering psychiatric care specific to adolescent populations.', 'http://example.com/adolescent_psychiatry_textbook.pdf', 'https://via.placeholder.com/200x200'),
(686, 69, NULL, 'Clinical Psychiatry Research Papers', 'Research papers discussing clinical practices and advancements in psychiatry.', 'http://example.com/clinical_psychiatry_research_papers.pdf', 'https://via.placeholder.com/200x200'),
(687, 70, NULL, 'Psychopharmacology Guide', 'Guide detailing medications used in psychiatric treatment and their effects.', 'http://example.com/psychopharmacology_guide.pdf', 'https://via.placeholder.com/200x200'),
(688, 71, NULL, 'Cognitive Behavioral Therapy Manual', 'Manual providing an overview of principles and applications of CBT.', 'http://example.com/cognitive_behavioral_therapy_manual.pdf', 'https://via.placeholder.com/200x200'),
(689, 73, NULL, 'Constitutional Law Textbook', 'Textbook covering foundational principles and key case law in constitutional law.', 'http://example.com/constitutional_law_textbook.pdf', 'https://via.placeholder.com/200x200'),
(690, 74, NULL, 'Public Policy Analysis Papers', 'Analysis papers examining legal aspects of public policy development and implementation.', 'http://example.com/public_policy_analysis_papers.pdf', 'https://via.placeholder.com/200x200'),
(691, 75, NULL, 'Administrative Law Handbook', 'Handbook providing insights into the regulation of government agencies and actions.', 'http://example.com/administrative_law_handbook.pdf', 'https://via.placeholder.com/200x200'),
(692, 76, NULL, 'Human Rights Law Documents', 'Legal documents outlining frameworks for the protection of human rights.', 'http://example.com/human_rights_law_documents.pdf', 'https://via.placeholder.com/200x200'),
(693, 77, NULL, 'Environmental Law Case Studies', 'Case studies illustrating legal principles related to environmental protection.', 'http://example.com/environmental_law_case_studies.pdf', 'https://via.placeholder.com/200x200'),
(694, 78, NULL, 'Public International Law Textbook', 'Textbook covering principles of international public law.', 'http://example.com/public_international_law_textbook.pdf', 'https://via.placeholder.com/200x200'),
(695, 79, NULL, 'Contract Law Handbook', 'Handbook providing a comprehensive overview of contract formation and enforcement.', 'http://example.com/contract_law_handbook.pdf', 'https://via.placeholder.com/200x200'),
(696, 80, NULL, 'Property Law Textbook', 'Textbook covering legal principles governing property ownership and use.', 'http://example.com/property_law_textbook.pdf', 'https://via.placeholder.com/200x200'),
(697, 81, NULL, 'Family Law Case Studies', 'Case studies illustrating laws regulating family relationships and disputes.', 'http://example.com/family_law_case_studies.pdf', 'https://via.placeholder.com/200x200'),
(698, 82, NULL, 'Commercial Law Textbook', 'Textbook covering legal aspects of business and commerce.', 'http://example.com/commercial_law_textbook.pdf', 'https://via.placeholder.com/200x200'),
(699, 83, NULL, 'Intellectual Property Law Guide', 'Guide providing insights into the protection of intellectual property rights.', 'http://example.com/intellectual_property_law_guide.pdf', 'https://via.placeholder.com/200x200'),
(700, 84, NULL, 'Tort Law Casebook', 'Casebook detailing legal remedies for civil wrongs.', 'http://example.com/tort_law_casebook.pdf', 'https://via.placeholder.com/200x200'),
(701, 85, NULL, 'International Trade Law Handbook', 'Handbook providing an overview of regulations in international trade and commerce.', 'http://example.com/international_trade_law_handbook.pdf', 'https://via.placeholder.com/200x200'),
(702, 86, NULL, 'International Human Rights Law Documents', 'Legal documents outlining frameworks for international human rights.', 'http://example.com/international_human_rights_law_documents.pdf', 'https://via.placeholder.com/200x200'),
(703, 87, NULL, 'Law of the Sea Textbook', 'Textbook covering legal principles governing maritime activities.', 'http://example.com/law_of_the_sea_textbook.pdf', 'https://via.placeholder.com/200x200'),
(704, 88, NULL, 'International Criminal Law Case Studies', 'Case studies illustrating prosecution and defense strategies for international crimes.', 'http://example.com/international_criminal_law_case_studies.pdf', 'https://via.placeholder.com/200x200'),
(705, 89, NULL, 'Diplomatic Law Handbook', 'Handbook providing insights into legal aspects of diplomacy and international relations.', 'http://example.com/diplomatic_law_handbook.pdf', 'https://via.placeholder.com/200x200'),
(706, 90, NULL, 'International Environmental Law Documents', 'Legal documents outlining principles for environmental protection globally.', 'http://example.com/international_environmental_law_documents.pdf', 'https://via.placeholder.com/200x200'),
(707, 91, NULL, 'Forensic Accounting Handbook', 'Handbook providing insights into financial fraud detection and prevention.', 'http://example.com/forensic_accounting_handbook.pdf', 'https://via.placeholder.com/200x200'),
(708, 92, NULL, 'Advanced Financial Accounting Textbook', 'Textbook providing an in-depth analysis of financial accounting standards and practices.', 'http://example.com/advanced_financial_accounting_textbook.pdf', 'https://via.placeholder.com/200x200'),
(709, 93, NULL, 'Cost Accounting Manual', 'Manual providing an introduction to cost accounting principles and techniques.', 'http://example.com/cost_accounting_manual.pdf', 'https://via.placeholder.com/200x200'),
(710, 94, NULL, 'International Accounting Guide', 'Guide covering accounting principles and practices in an international context.', 'http://example.com/international_accounting_guide.pdf', 'https://via.placeholder.com/200x200'),
(711, 95, NULL, 'Taxation Handbook', 'Handbook providing a comprehensive study of tax systems and their application.', 'http://example.com/taxation_handbook.pdf', 'https://via.placeholder.com/200x200'),
(712, 96, NULL, 'Auditing Manual', 'Manual covering principles and practices of auditing.', 'http://example.com/auditing_manual.pdf', 'https://via.placeholder.com/200x200'),
(713, 97, NULL, 'Strategic Management Textbook', 'Textbook covering the study of strategy formulation and implementation.', 'http://example.com/strategic_management_textbook.pdf', 'https://via.placeholder.com/200x200'),
(714, 98, NULL, 'Organizational Behavior Guide', 'Guide examining individual and group behavior in organizations.', 'http://example.com/organizational_behavior_guide.pdf', 'https://via.placeholder.com/200x200'),
(715, 99, NULL, 'Human Resource Management Handbook', 'Handbook providing an introduction to HRM practices and policies.', 'http://example.com/human_resource_management_handbook.pdf', 'https://via.placeholder.com/200x200'),
(716, 100, NULL, 'Leadership and Management Textbook', 'Textbook exploring leadership theories and practices.', 'http://example.com/leadership_and_management_textbook.pdf', 'https://via.placeholder.com/200x200'),
(717, 101, NULL, 'Project Management Guide', 'Guide covering principles of planning, executing, and closing projects.', 'http://example.com/project_management_guide.pdf', 'https://via.placeholder.com/200x200'),
(718, 102, NULL, 'Business Ethics Handbook', 'Handbook studying ethical issues in business.', 'http://example.com/business_ethics_handbook.pdf', 'https://via.placeholder.com/200x200'),
(719, 103, NULL, 'Financial Markets Textbook', 'Textbook providing an overview of financial markets and instruments.', 'http://example.com/financial_markets_textbook.pdf', 'https://via.placeholder.com/200x200'),
(720, 104, NULL, 'Corporate Finance Guide', 'Guide covering the study of corporate financial management.', 'http://example.com/corporate_finance_guide.pdf', 'https://via.placeholder.com/200x200'),
(721, 105, NULL, 'Investment Analysis Handbook', 'Handbook detailing principles of investment analysis and portfolio management.', 'http://example.com/investment_analysis_handbook.pdf', 'https://via.placeholder.com/200x200'),
(722, 106, NULL, 'International Finance Textbook', 'Textbook studying financial management in an international context.', 'http://example.com/international_finance_textbook.pdf', 'https://via.placeholder.com/200x200'),
(723, 107, NULL, 'Financial Risk Management Guide', 'Guide providing strategies for managing financial risks.', 'http://example.com/financial_risk_management_guide.pdf', 'https://via.placeholder.com/200x200'),
(724, 108, NULL, 'Behavioral Finance Handbook', 'Handbook studying psychological influences on financial decision-making.', 'http://example.com/behavioral_finance_handbook.pdf', 'https://via.placeholder.com/200x200'),
(725, 109, NULL, 'Curriculum Design Textbook', 'Textbook covering principles of curriculum design and development.', 'http://example.com/curriculum_design_textbook.pdf', 'https://via.placeholder.com/200x200'),
(726, 110, NULL, 'Instructional Strategies Guide', 'Guide to effective instructional strategies for diverse classrooms.', 'http://example.com/instructional_strategies_guide.pdf', 'https://via.placeholder.com/200x200'),
(727, 111, NULL, 'Educational Assessment Handbook', 'Handbook detailing methods of educational assessment and evaluation.', 'http://example.com/educational_assessment_handbook.pdf', 'https://via.placeholder.com/200x200'),
(728, 112, NULL, 'Curriculum Innovation Manual', 'Manual exploring innovative approaches to curriculum development.', 'http://example.com/curriculum_innovation_manual.pdf', 'https://via.placeholder.com/200x200'),
(729, 113, NULL, 'Policy and Practice Textbook', 'Textbook examining educational policy and its impact on practice.', 'http://example.com/policy_and_practice_textbook.pdf', 'https://via.placeholder.com/200x200'),
(730, 114, NULL, 'Technology in Education Guide', 'Guide covering the integration of technology in educational settings.', 'http://example.com/technology_in_education_guide.pdf', 'https://via.placeholder.com/200x200'),
(731, 115, NULL, 'Cognitive Development Textbook', 'Textbook studying cognitive development in children and adolescents.', 'http://example.com/cognitive_development_textbook.pdf', 'https://via.placeholder.com/200x200'),
(732, 116, NULL, 'Learning Theories Handbook', 'Handbook examining major theories of learning.', 'http://example.com/learning_theories_handbook.pdf', 'https://via.placeholder.com/200x200'),
(733, 117, NULL, 'Educational Assessment Tools', 'Tools for assessing student learning.', 'http://example.com/educational_assessment_tools.pdf', 'https://via.placeholder.com/200x200'),
(734, 118, NULL, 'Motivation in Education Guide', 'Guide studying motivational theories and their application in education.', 'http://example.com/motivation_in_education_guide.pdf', 'https://via.placeholder.com/200x200'),
(735, 119, NULL, 'Classroom Management Manual', 'Manual detailing strategies for effective classroom management.', 'http://example.com/classroom_management_manual.pdf', 'https://via.placeholder.com/200x200'),
(736, 120, NULL, 'Special Education Needs Handbook', 'Handbook providing an overview of special educational needs and inclusive practices.', 'http://example.com/special_education_needs_handbook.pdf', 'https://via.placeholder.com/200x200'),
(737, 121, NULL, 'Inclusive Education Guide', 'Guide covering principles and practices of inclusive education.', 'http://example.com/inclusive_education_guide.pdf', 'https://via.placeholder.com/200x200'),
(738, 122, NULL, 'Disability Studies Textbook', 'Textbook examining disability from a social and educational perspective.', 'http://example.com/disability_studies_textbook.pdf', 'https://via.placeholder.com/200x200'),
(739, 123, NULL, 'Assistive Technology Handbook', 'Handbook covering the use of assistive technology in special education.', 'http://example.com/assistive_technology_handbook.pdf', 'https://via.placeholder.com/200x200'),
(740, 124, NULL, 'Behavioral Interventions Guide', 'Guide detailing behavioral strategies for students with special needs.', 'http://example.com/behavioral_interventions_guide.pdf', 'https://via.placeholder.com/200x200'),
(741, 125, NULL, 'Special Education Law Textbook', 'Textbook covering legal aspects of special education.', 'http://example.com/special_education_law_textbook.pdf', 'https://via.placeholder.com/200x200'),
(742, 126, NULL, 'Collaboration and Teaming Manual', 'Manual on collaborative practices in special education.', 'http://example.com/collaboration_and_teaming_manual.pdf', 'https://via.placeholder.com/200x200'),
(743, 27, NULL, 'Ethics Case Studies', 'Case studies exploring ethical dilemmas and decision making processes.', 'http://example.com/ethics_case_studies.pdf', 'https://via.placeholder.com/200x200'),
(744, 28, NULL, 'Political Philosophy Textbook', 'Textbook examining various political philosophies and ideologies.', 'http://example.com/political_philosophy_textbook.pdf', 'https://via.placeholder.com/200x200'),
(745, 29, NULL, 'Metaphysics Research Papers', 'Research papers delving into metaphysical questions and theories.', 'http://example.com/metaphysics_research_papers.pdf', 'https://via.placeholder.com/200x200'),
(746, 30, NULL, 'Philosophy of Mind Lecture Videos', 'Series of lecture videos exploring philosophical issues related to the mind.', 'http://example.com/philosophy_of_mind_lecture_videos.pdf', 'https://via.placeholder.com/200x200'),
(747, 31, NULL, 'Linguistics Textbook', 'Textbook providing an introduction to the field of linguistics.', 'http://example.com/linguistics_textbook.pdf', 'https://via.placeholder.com/200x200'),
(748, 32, NULL, 'Advanced Linguistics Journal Articles', 'Collection of journal articles discussing advanced linguistic theories.', 'http://example.com/advanced_linguistics_journal_articles.pdf', 'https://via.placeholder.com/200x200'),
(749, 33, NULL, 'Language Acquisition Research Papers', 'Research papers examining various aspects of language acquisition.', 'http://example.com/language_acquisition_research_papers.pdf', 'https://via.placeholder.com/200x200'),
(750, 34, NULL, 'Applied Linguistics Case Studies', 'Case studies illustrating applications of linguistic knowledge in real-world contexts.', 'http://example.com/applied_linguistics_case_studies.pdf', 'https://via.placeholder.com/200x200'),
(751, 35, NULL, 'Sociolinguistics Survey Data', 'Survey data exploring the relationship between language and society.', 'http://example.com/sociolinguistics_survey_data.pdf', 'https://via.placeholder.com/200x200'),
(752, 36, NULL, 'Language Policy Analysis Report', 'Report analyzing the development and implementation of language policies.', 'http://example.com/language_policy_analysis_report.pdf', 'https://via.placeholder.com/200x200'),
(753, 37, NULL, 'Robotics Textbook', 'Comprehensive textbook covering fundamental concepts in robotics.', 'http://example.com/robotics_textbook.pdf', 'https://via.placeholder.com/200x200'),
(754, 38, NULL, 'Advanced Robotics Research Papers', 'Research papers discussing advanced topics and developments in robotics.', 'http://example.com/advanced_robotics_research_papers.pdf', 'https://via.placeholder.com/200x200'),
(755, 39, NULL, 'Industrial Engineering Handbook', 'Handbook providing guidance on principles and practices of industrial engineering.', 'http://example.com/industrial_engineering_handbook.pdf', 'https://via.placeholder.com/200x200'),
(756, 40, NULL, 'Manufacturing Processes Manual', 'Manual detailing various manufacturing techniques and processes.', 'http://example.com/manufacturing_processes_manual.pdf', 'https://via.placeholder.com/200x200'),
(757, 41, NULL, 'Thermodynamics Textbook', 'Textbook covering the fundamental principles of thermodynamics.', 'http://example.com/thermodynamics_textbook.pdf', 'https://via.placeholder.com/200x200'),
(758, 42, NULL, 'Fluid Mechanics Lecture Videos', 'Series of lecture videos exploring fluid mechanics concepts and applications.', 'http://example.com/fluid_mechanics_lecture_videos.pdf', 'https://via.placeholder.com/200x200'),
(759, 43, NULL, 'Structural Engineering Handbook', 'Comprehensive handbook covering principles and practices of structural engineering.', 'http://example.com/structural_engineering_handbook.pdf', 'https://via.placeholder.com/200x200'),
(760, 44, NULL, 'Advanced Structural Engineering Research Papers', 'Research papers delving into advanced topics in structural engineering.', 'http://example.com/advanced_structural_engineering_research_papers.pdf', 'https://via.placeholder.com/200x200'),
(761, 45, NULL, 'Environmental Engineering Textbook', 'Textbook providing an overview of environmental engineering principles and applications.', 'http://example.com/environmental_engineering_textbook.pdf', 'https://via.placeholder.com/200x200'),
(762, 46, NULL, 'Sustainable Development Report', 'Report discussing sustainable development practices and strategies.', 'http://example.com/sustainable_development_report.pdf', 'https://via.placeholder.com/200x200'),
(763, 47, NULL, 'Geotechnical Engineering Laboratory Manual', 'Laboratory manual covering experiments in soil mechanics and geotechnical engineering.', 'http://example.com/geotechnical_engineering_lab_manual.pdf', 'https://via.placeholder.com/200x200'),
(764, 48, NULL, 'Advanced Geotechnical Engineering Research Papers', 'Research papers exploring advanced techniques in geotechnical engineering.', 'http://example.com/advanced_geotechnical_engineering_research_papers.pdf', 'https://via.placeholder.com/200x200'),
(765, 49, NULL, 'Circuit Analysis Textbook', 'Textbook providing a comprehensive coverage of electric circuit analysis.', 'http://example.com/circuit_analysis_textbook.pdf', 'https://via.placeholder.com/200x200'),
(766, 50, NULL, 'Advanced Circuit Analysis Research Papers', 'Research papers discussing advanced topics in circuit analysis and design.', 'http://example.com/advanced_circuit_analysis_research_papers.pdf', 'https://via.placeholder.com/200x200'),
(767, 51, NULL, 'Digital Systems Handbook', 'Handbook detailing various digital systems and their applications.', 'http://example.com/digital_systems_handbook.pdf', 'https://via.placeholder.com/200x200'),
(768, 52, NULL, 'Control Systems Lecture Slides', 'Lecture slides summarizing key concepts in control systems engineering.', 'http://example.com/control_systems_lecture_slides.pdf', 'https://via.placeholder.com/200x200'),
(769, 53, NULL, 'Power Systems Textbook', 'Textbook covering the principles and components of electrical power systems.', 'http://example.com/power_systems_textbook.pdf', 'https://via.placeholder.com/200x200'),
(770, 54, NULL, 'Renewable Energy Systems Research Papers', 'Research papers exploring the latest advancements in renewable energy technologies.', 'http://example.com/renewable_energy_systems_research_papers.pdf', 'https://via.placeholder.com/200x200'),
(771, 55, NULL, 'Minimally Invasive Surgery Handbook', 'Handbook providing guidance on techniques in minimally invasive surgery.', 'http://example.com/minimally_invasive_surgery_handbook.pdf', 'https://via.placeholder.com/200x200'),
(772, 56, NULL, 'General Surgery Textbook', 'Textbook covering various aspects of general surgical practices.', 'http://example.com/general_surgery_textbook.pdf', 'https://via.placeholder.com/200x200'),
(773, 57, NULL, 'Cardiovascular Surgery Research Papers', 'Research papers discussing innovative procedures in cardiovascular surgery.', 'http://example.com/cardiovascular_surgery_research_papers.pdf', 'https://via.placeholder.com/200x200'),
(774, 58, NULL, 'Surgical Anatomy Illustrated Guide', 'Illustrated guide providing detailed anatomical insights for surgical applications.', 'http://example.com/surgical_anatomy_illustrated_guide.pdf', 'https://via.placeholder.com/200x200'),
(775, 59, NULL, 'Surgical Techniques Video Tutorials', 'Video tutorials demonstrating various surgical techniques.', 'http://example.com/surgical_techniques_video_tutorials.pdf', 'https://via.placeholder.com/200x200'),
(776, 60, NULL, 'Patient-Centered Surgery Case Studies', 'Case studies highlighting approaches to patient-centered care in surgery.', 'http://example.com/patient_centered_surgery_case_studies.pdf', 'https://via.placeholder.com/200x200'),
(777, 61, NULL, 'Developmental Pediatrics Textbook', 'Textbook providing an overview of developmental disorders in children.', 'http://example.com/developmental_pediatrics_textbook.pdf', 'https://via.placeholder.com/200x200'),
(778, 62, NULL, 'Child Health Handbook', 'Handbook covering various aspects of child health care.', 'http://example.com/child_health_handbook.pdf', 'https://via.placeholder.com/200x200'),
(779, 63, NULL, 'Pediatric Infectious Diseases Research Papers', 'Research papers discussing infectious diseases in pediatric populations.', 'http://example.com/pediatric_infectious_diseases_research_papers.pdf', 'https://via.placeholder.com/200x200'),
(780, 64, NULL, 'Pediatric Nutrition Guide', 'Guide providing nutritional guidelines for pediatric populations.', 'http://example.com/pediatric_nutrition_guide.pdf', 'https://via.placeholder.com/200x200'),
(781, 65, NULL, 'Clinical Pediatrics Case Studies', 'Case studies illustrating clinical approaches in pediatric care.', 'http://example.com/clinical_pediatrics_case_studies.pdf', 'https://via.placeholder.com/200x200'),
(782, 66, NULL, 'Pediatric Research Papers', 'Research papers detailing methodologies used in pediatric research.', 'http://example.com/pediatric_research_papers.pdf', 'https://via.placeholder.com/200x200'),
(783, 67, NULL, 'Mood Disorders Handbook', 'Handbook providing an in-depth understanding of mood disorders and treatment strategies.', 'http://example.com/mood_disorders_handbook.pdf', 'https://via.placeholder.com/200x200'),
(784, 68, NULL, 'Adolescent Psychiatry Textbook', 'Textbook covering psychiatric care specific to adolescent populations.', 'http://example.com/adolescent_psychiatry_textbook.pdf', 'https://via.placeholder.com/200x200'),
(785, 69, NULL, 'Clinical Psychiatry Research Papers', 'Research papers discussing clinical practices and advancements in psychiatry.', 'http://example.com/clinical_psychiatry_research_papers.pdf', 'https://via.placeholder.com/200x200'),
(786, 70, NULL, 'Psychopharmacology Guide', 'Guide detailing medications used in psychiatric treatment and their effects.', 'http://example.com/psychopharmacology_guide.pdf', 'https://via.placeholder.com/200x200'),
(787, 71, NULL, 'Cognitive Behavioral Therapy Manual', 'Manual providing an overview of principles and applications of CBT.', 'http://example.com/cognitive_behavioral_therapy_manual.pdf', 'https://via.placeholder.com/200x200'),
(788, 73, NULL, 'Constitutional Law Textbook', 'Textbook covering foundational principles and key case law in constitutional law.', 'http://example.com/constitutional_law_textbook.pdf', 'https://via.placeholder.com/200x200'),
(789, 74, NULL, 'Public Policy Analysis Papers', 'Analysis papers examining legal aspects of public policy development and implementation.', 'http://example.com/public_policy_analysis_papers.pdf', 'https://via.placeholder.com/200x200'),
(790, 75, NULL, 'Administrative Law Handbook', 'Handbook providing insights into the regulation of government agencies and actions.', 'http://example.com/administrative_law_handbook.pdf', 'https://via.placeholder.com/200x200'),
(791, 76, NULL, 'Human Rights Law Documents', 'Legal documents outlining frameworks for the protection of human rights.', 'http://example.com/human_rights_law_documents.pdf', 'https://via.placeholder.com/200x200'),
(792, 77, NULL, 'Environmental Law Case Studies', 'Case studies illustrating legal principles related to environmental protection.', 'http://example.com/environmental_law_case_studies.pdf', 'https://via.placeholder.com/200x200'),
(793, 78, NULL, 'Public International Law Textbook', 'Textbook covering principles of international public law.', 'http://example.com/public_international_law_textbook.pdf', 'https://via.placeholder.com/200x200'),
(794, 79, NULL, 'Contract Law Handbook', 'Handbook providing a comprehensive overview of contract formation and enforcement.', 'http://example.com/contract_law_handbook.pdf', 'https://via.placeholder.com/200x200'),
(795, 80, NULL, 'Property Law Textbook', 'Textbook covering legal principles governing property ownership and use.', 'http://example.com/property_law_textbook.pdf', 'https://via.placeholder.com/200x200'),
(796, 81, NULL, 'Family Law Case Studies', 'Case studies illustrating laws regulating family relationships and disputes.', 'http://example.com/family_law_case_studies.pdf', 'https://via.placeholder.com/200x200'),
(797, 82, NULL, 'Commercial Law Textbook', 'Textbook covering legal aspects of business and commerce.', 'http://example.com/commercial_law_textbook.pdf', 'https://via.placeholder.com/200x200'),
(798, 83, NULL, 'Intellectual Property Law Guide', 'Guide providing insights into the protection of intellectual property rights.', 'http://example.com/intellectual_property_law_guide.pdf', 'https://via.placeholder.com/200x200'),
(799, 84, NULL, 'Tort Law Casebook', 'Casebook detailing legal remedies for civil wrongs.', 'http://example.com/tort_law_casebook.pdf', 'https://via.placeholder.com/200x200'),
(800, 85, NULL, 'International Trade Law Handbook', 'Handbook providing an overview of regulations in international trade and commerce.', 'http://example.com/international_trade_law_handbook.pdf', 'https://via.placeholder.com/200x200'),
(801, 86, NULL, 'International Human Rights Law Documents', 'Legal documents outlining frameworks for international human rights.', 'http://example.com/international_human_rights_law_documents.pdf', 'https://via.placeholder.com/200x200'),
(802, 87, NULL, 'Law of the Sea Textbook', 'Textbook covering legal principles governing maritime activities.', 'http://example.com/law_of_the_sea_textbook.pdf', 'https://via.placeholder.com/200x200');
INSERT INTO `materials` (`material_id`, `course_id`, `staff_id`, `title`, `description`, `file_path`, `thumbnail`) VALUES
(803, 88, NULL, 'International Criminal Law Case Studies', 'Case studies illustrating prosecution and defense strategies for international crimes.', 'http://example.com/international_criminal_law_case_studies.pdf', 'https://via.placeholder.com/200x200'),
(804, 89, NULL, 'Diplomatic Law Handbook', 'Handbook providing insights into legal aspects of diplomacy and international relations.', 'http://example.com/diplomatic_law_handbook.pdf', 'https://via.placeholder.com/200x200'),
(805, 90, NULL, 'International Environmental Law Documents', 'Legal documents outlining principles for environmental protection globally.', 'http://example.com/international_environmental_law_documents.pdf', 'https://via.placeholder.com/200x200'),
(806, 91, NULL, 'Forensic Accounting Handbook', 'Handbook providing insights into financial fraud detection and prevention.', 'http://example.com/forensic_accounting_handbook.pdf', 'https://via.placeholder.com/200x200'),
(807, 92, NULL, 'Advanced Financial Accounting Textbook', 'Textbook providing an in-depth analysis of financial accounting standards and practices.', 'http://example.com/advanced_financial_accounting_textbook.pdf', 'https://via.placeholder.com/200x200'),
(808, 93, NULL, 'Cost Accounting Manual', 'Manual providing an introduction to cost accounting principles and techniques.', 'http://example.com/cost_accounting_manual.pdf', 'https://via.placeholder.com/200x200'),
(809, 94, NULL, 'International Accounting Guide', 'Guide covering accounting principles and practices in an international context.', 'http://example.com/international_accounting_guide.pdf', 'https://via.placeholder.com/200x200'),
(810, 95, NULL, 'Taxation Handbook', 'Handbook providing a comprehensive study of tax systems and their application.', 'http://example.com/taxation_handbook.pdf', 'https://via.placeholder.com/200x200'),
(811, 96, NULL, 'Auditing Manual', 'Manual covering principles and practices of auditing.', 'http://example.com/auditing_manual.pdf', 'https://via.placeholder.com/200x200'),
(812, 97, NULL, 'Strategic Management Textbook', 'Textbook covering the study of strategy formulation and implementation.', 'http://example.com/strategic_management_textbook.pdf', 'https://via.placeholder.com/200x200'),
(813, 98, NULL, 'Organizational Behavior Guide', 'Guide examining individual and group behavior in organizations.', 'http://example.com/organizational_behavior_guide.pdf', 'https://via.placeholder.com/200x200'),
(814, 99, NULL, 'Human Resource Management Handbook', 'Handbook providing an introduction to HRM practices and policies.', 'http://example.com/human_resource_management_handbook.pdf', 'https://via.placeholder.com/200x200'),
(815, 100, NULL, 'Leadership and Management Textbook', 'Textbook exploring leadership theories and practices.', 'http://example.com/leadership_and_management_textbook.pdf', 'https://via.placeholder.com/200x200'),
(816, 101, NULL, 'Project Management Guide', 'Guide covering principles of planning, executing, and closing projects.', 'http://example.com/project_management_guide.pdf', 'https://via.placeholder.com/200x200'),
(817, 102, NULL, 'Business Ethics Handbook', 'Handbook studying ethical issues in business.', 'http://example.com/business_ethics_handbook.pdf', 'https://via.placeholder.com/200x200'),
(818, 103, NULL, 'Financial Markets Textbook', 'Textbook providing an overview of financial markets and instruments.', 'http://example.com/financial_markets_textbook.pdf', 'https://via.placeholder.com/200x200'),
(819, 104, NULL, 'Corporate Finance Guide', 'Guide covering the study of corporate financial management.', 'http://example.com/corporate_finance_guide.pdf', 'https://via.placeholder.com/200x200'),
(820, 105, NULL, 'Investment Analysis Handbook', 'Handbook detailing principles of investment analysis and portfolio management.', 'http://example.com/investment_analysis_handbook.pdf', 'https://via.placeholder.com/200x200'),
(821, 106, NULL, 'International Finance Textbook', 'Textbook studying financial management in an international context.', 'http://example.com/international_finance_textbook.pdf', 'https://via.placeholder.com/200x200'),
(822, 107, NULL, 'Financial Risk Management Guide', 'Guide providing strategies for managing financial risks.', 'http://example.com/financial_risk_management_guide.pdf', 'https://via.placeholder.com/200x200'),
(823, 108, NULL, 'Behavioral Finance Handbook', 'Handbook studying psychological influences on financial decision-making.', 'http://example.com/behavioral_finance_handbook.pdf', 'https://via.placeholder.com/200x200'),
(824, 109, NULL, 'Curriculum Design Textbook', 'Textbook covering principles of curriculum design and development.', 'http://example.com/curriculum_design_textbook.pdf', 'https://via.placeholder.com/200x200'),
(825, 110, NULL, 'Instructional Strategies Guide', 'Guide to effective instructional strategies for diverse classrooms.', 'http://example.com/instructional_strategies_guide.pdf', 'https://via.placeholder.com/200x200'),
(826, 111, NULL, 'Educational Assessment Handbook', 'Handbook detailing methods of educational assessment and evaluation.', 'http://example.com/educational_assessment_handbook.pdf', 'https://via.placeholder.com/200x200'),
(827, 112, NULL, 'Curriculum Innovation Manual', 'Manual exploring innovative approaches to curriculum development.', 'http://example.com/curriculum_innovation_manual.pdf', 'https://via.placeholder.com/200x200'),
(828, 113, NULL, 'Policy and Practice Textbook', 'Textbook examining educational policy and its impact on practice.', 'http://example.com/policy_and_practice_textbook.pdf', 'https://via.placeholder.com/200x200'),
(829, 114, NULL, 'Technology in Education Guide', 'Guide covering the integration of technology in educational settings.', 'http://example.com/technology_in_education_guide.pdf', 'https://via.placeholder.com/200x200'),
(830, 115, NULL, 'Cognitive Development Textbook', 'Textbook studying cognitive development in children and adolescents.', 'http://example.com/cognitive_development_textbook.pdf', 'https://via.placeholder.com/200x200'),
(831, 116, NULL, 'Learning Theories Handbook', 'Handbook examining major theories of learning.', 'http://example.com/learning_theories_handbook.pdf', 'https://via.placeholder.com/200x200'),
(832, 117, NULL, 'Educational Assessment Tools', 'Tools for assessing student learning.', 'http://example.com/educational_assessment_tools.pdf', 'https://via.placeholder.com/200x200'),
(833, 118, NULL, 'Motivation in Education Guide', 'Guide studying motivational theories and their application in education.', 'http://example.com/motivation_in_education_guide.pdf', 'https://via.placeholder.com/200x200'),
(834, 119, NULL, 'Classroom Management Manual', 'Manual detailing strategies for effective classroom management.', 'http://example.com/classroom_management_manual.pdf', 'https://via.placeholder.com/200x200'),
(835, 120, NULL, 'Special Education Needs Handbook', 'Handbook providing an overview of special educational needs and inclusive practices.', 'http://example.com/special_education_needs_handbook.pdf', 'https://via.placeholder.com/200x200'),
(836, 121, NULL, 'Inclusive Education Guide', 'Guide covering principles and practices of inclusive education.', 'http://example.com/inclusive_education_guide.pdf', 'https://via.placeholder.com/200x200'),
(837, 122, NULL, 'Disability Studies Textbook', 'Textbook examining disability from a social and educational perspective.', 'http://example.com/disability_studies_textbook.pdf', 'https://via.placeholder.com/200x200'),
(838, 123, NULL, 'Assistive Technology Handbook', 'Handbook covering the use of assistive technology in special education.', 'http://example.com/assistive_technology_handbook.pdf', 'https://via.placeholder.com/200x200'),
(839, 124, NULL, 'Behavioral Interventions Guide', 'Guide detailing behavioral strategies for students with special needs.', 'http://example.com/behavioral_interventions_guide.pdf', 'https://via.placeholder.com/200x200'),
(840, 125, NULL, 'Special Education Law Textbook', 'Textbook covering legal aspects of special education.', 'http://example.com/special_education_law_textbook.pdf', 'https://via.placeholder.com/200x200'),
(841, 126, NULL, 'Collaboration and Teaming Manual', 'Manual on collaborative practices in special education.', 'http://example.com/collaboration_and_teaming_manual.pdf', 'https://via.placeholder.com/200x200'),
(842, 54, NULL, 'Renewable Energy Systems Research Papers', 'Research papers exploring the latest advancements in renewable energy technologies.', 'http://example.com/renewable_energy_systems_research_papers.pdf', 'https://via.placeholder.com/200x200'),
(843, 55, NULL, 'Minimally Invasive Surgery Handbook', 'Handbook providing guidance on techniques in minimally invasive surgery.', 'http://example.com/minimally_invasive_surgery_handbook.pdf', 'https://via.placeholder.com/200x200'),
(844, 56, NULL, 'General Surgery Textbook', 'Textbook covering various aspects of general surgical practices.', 'http://example.com/general_surgery_textbook.pdf', 'https://via.placeholder.com/200x200'),
(845, 57, NULL, 'Cardiovascular Surgery Research Papers', 'Research papers discussing innovative procedures in cardiovascular surgery.', 'http://example.com/cardiovascular_surgery_research_papers.pdf', 'https://via.placeholder.com/200x200'),
(846, 58, NULL, 'Surgical Anatomy Illustrated Guide', 'Illustrated guide providing detailed anatomical insights for surgical applications.', 'http://example.com/surgical_anatomy_illustrated_guide.pdf', 'https://via.placeholder.com/200x200'),
(847, 59, NULL, 'Surgical Techniques Video Tutorials', 'Video tutorials demonstrating various surgical techniques.', 'http://example.com/surgical_techniques_video_tutorials.pdf', 'https://via.placeholder.com/200x200'),
(848, 60, NULL, 'Patient-Centered Surgery Case Studies', 'Case studies highlighting approaches to patient-centered care in surgery.', 'http://example.com/patient_centered_surgery_case_studies.pdf', 'https://via.placeholder.com/200x200'),
(849, 61, NULL, 'Developmental Pediatrics Textbook', 'Textbook providing an overview of developmental disorders in children.', 'http://example.com/developmental_pediatrics_textbook.pdf', 'https://via.placeholder.com/200x200'),
(850, 62, NULL, 'Child Health Handbook', 'Handbook covering various aspects of child health care.', 'http://example.com/child_health_handbook.pdf', 'https://via.placeholder.com/200x200'),
(851, 63, NULL, 'Pediatric Infectious Diseases Research Papers', 'Research papers discussing infectious diseases in pediatric populations.', 'http://example.com/pediatric_infectious_diseases_research_papers.pdf', 'https://via.placeholder.com/200x200'),
(852, 64, NULL, 'Pediatric Nutrition Guide', 'Guide providing nutritional guidelines for pediatric populations.', 'http://example.com/pediatric_nutrition_guide.pdf', 'https://via.placeholder.com/200x200'),
(853, 65, NULL, 'Clinical Pediatrics Case Studies', 'Case studies illustrating clinical approaches in pediatric care.', 'http://example.com/clinical_pediatrics_case_studies.pdf', 'https://via.placeholder.com/200x200'),
(854, 66, NULL, 'Pediatric Research Papers', 'Research papers detailing methodologies used in pediatric research.', 'http://example.com/pediatric_research_papers.pdf', 'https://via.placeholder.com/200x200'),
(855, 67, NULL, 'Mood Disorders Handbook', 'Handbook providing an in-depth understanding of mood disorders and treatment strategies.', 'http://example.com/mood_disorders_handbook.pdf', 'https://via.placeholder.com/200x200'),
(856, 68, NULL, 'Adolescent Psychiatry Textbook', 'Textbook covering psychiatric care specific to adolescent populations.', 'http://example.com/adolescent_psychiatry_textbook.pdf', 'https://via.placeholder.com/200x200'),
(857, 69, NULL, 'Clinical Psychiatry Research Papers', 'Research papers discussing clinical practices and advancements in psychiatry.', 'http://example.com/clinical_psychiatry_research_papers.pdf', 'https://via.placeholder.com/200x200'),
(858, 70, NULL, 'Psychopharmacology Guide', 'Guide detailing medications used in psychiatric treatment and their effects.', 'http://example.com/psychopharmacology_guide.pdf', 'https://via.placeholder.com/200x200'),
(859, 71, NULL, 'Cognitive Behavioral Therapy Manual', 'Manual providing an overview of principles and applications of CBT.', 'http://example.com/cognitive_behavioral_therapy_manual.pdf', 'https://via.placeholder.com/200x200'),
(860, 73, NULL, 'Constitutional Law Textbook', 'Textbook covering foundational principles and key case law in constitutional law.', 'http://example.com/constitutional_law_textbook.pdf', 'https://via.placeholder.com/200x200'),
(861, 74, NULL, 'Public Policy Analysis Papers', 'Analysis papers examining legal aspects of public policy development and implementation.', 'http://example.com/public_policy_analysis_papers.pdf', 'https://via.placeholder.com/200x200'),
(862, 75, NULL, 'Administrative Law Handbook', 'Handbook providing insights into the regulation of government agencies and actions.', 'http://example.com/administrative_law_handbook.pdf', 'https://via.placeholder.com/200x200'),
(863, 76, NULL, 'Human Rights Law Documents', 'Legal documents outlining frameworks for the protection of human rights.', 'http://example.com/human_rights_law_documents.pdf', 'https://via.placeholder.com/200x200'),
(864, 77, NULL, 'Environmental Law Case Studies', 'Case studies illustrating legal principles related to environmental protection.', 'http://example.com/environmental_law_case_studies.pdf', 'https://via.placeholder.com/200x200'),
(865, 78, NULL, 'Public International Law Textbook', 'Textbook covering principles of international public law.', 'http://example.com/public_international_law_textbook.pdf', 'https://via.placeholder.com/200x200'),
(866, 79, NULL, 'Contract Law Handbook', 'Handbook providing a comprehensive overview of contract formation and enforcement.', 'http://example.com/contract_law_handbook.pdf', 'https://via.placeholder.com/200x200'),
(867, 80, NULL, 'Property Law Textbook', 'Textbook covering legal principles governing property ownership and use.', 'http://example.com/property_law_textbook.pdf', 'https://via.placeholder.com/200x200'),
(868, 81, NULL, 'Family Law Case Studies', 'Case studies illustrating laws regulating family relationships and disputes.', 'http://example.com/family_law_case_studies.pdf', 'https://via.placeholder.com/200x200'),
(869, 82, NULL, 'Commercial Law Textbook', 'Textbook covering legal aspects of business and commerce.', 'http://example.com/commercial_law_textbook.pdf', 'https://via.placeholder.com/200x200'),
(870, 83, NULL, 'Intellectual Property Law Guide', 'Guide providing insights into the protection of intellectual property rights.', 'http://example.com/intellectual_property_law_guide.pdf', 'https://via.placeholder.com/200x200'),
(871, 84, NULL, 'Tort Law Casebook', 'Casebook detailing legal remedies for civil wrongs.', 'http://example.com/tort_law_casebook.pdf', 'https://via.placeholder.com/200x200'),
(872, 85, NULL, 'International Trade Law Handbook', 'Handbook providing an overview of regulations in international trade and commerce.', 'http://example.com/international_trade_law_handbook.pdf', 'https://via.placeholder.com/200x200'),
(873, 86, NULL, 'International Human Rights Law Documents', 'Legal documents outlining frameworks for international human rights.', 'http://example.com/international_human_rights_law_documents.pdf', 'https://via.placeholder.com/200x200'),
(874, 87, NULL, 'Law of the Sea Textbook', 'Textbook covering legal principles governing maritime activities.', 'http://example.com/law_of_the_sea_textbook.pdf', 'https://via.placeholder.com/200x200'),
(875, 88, NULL, 'International Criminal Law Case Studies', 'Case studies illustrating prosecution and defense strategies for international crimes.', 'http://example.com/international_criminal_law_case_studies.pdf', 'https://via.placeholder.com/200x200'),
(876, 89, NULL, 'Diplomatic Law Handbook', 'Handbook providing insights into legal aspects of diplomacy and international relations.', 'http://example.com/diplomatic_law_handbook.pdf', 'https://via.placeholder.com/200x200'),
(877, 90, NULL, 'International Environmental Law Documents', 'Legal documents outlining principles for environmental protection globally.', 'http://example.com/international_environmental_law_documents.pdf', 'https://via.placeholder.com/200x200'),
(878, 91, NULL, 'Forensic Accounting Handbook', 'Handbook providing insights into financial fraud detection and prevention.', 'http://example.com/forensic_accounting_handbook.pdf', 'https://via.placeholder.com/200x200'),
(879, 92, NULL, 'Advanced Financial Accounting Textbook', 'Textbook providing an in-depth analysis of financial accounting standards and practices.', 'http://example.com/advanced_financial_accounting_textbook.pdf', 'https://via.placeholder.com/200x200'),
(880, 93, NULL, 'Cost Accounting Manual', 'Manual providing an introduction to cost accounting principles and techniques.', 'http://example.com/cost_accounting_manual.pdf', 'https://via.placeholder.com/200x200'),
(881, 94, NULL, 'International Accounting Guide', 'Guide covering accounting principles and practices in an international context.', 'http://example.com/international_accounting_guide.pdf', 'https://via.placeholder.com/200x200'),
(882, 95, NULL, 'Taxation Handbook', 'Handbook providing a comprehensive study of tax systems and their application.', 'http://example.com/taxation_handbook.pdf', 'https://via.placeholder.com/200x200'),
(883, 96, NULL, 'Auditing Manual', 'Manual covering principles and practices of auditing.', 'http://example.com/auditing_manual.pdf', 'https://via.placeholder.com/200x200'),
(884, 97, NULL, 'Strategic Management Textbook', 'Textbook covering the study of strategy formulation and implementation.', 'http://example.com/strategic_management_textbook.pdf', 'https://via.placeholder.com/200x200'),
(885, 98, NULL, 'Organizational Behavior Guide', 'Guide examining individual and group behavior in organizations.', 'http://example.com/organizational_behavior_guide.pdf', 'https://via.placeholder.com/200x200'),
(886, 99, NULL, 'Human Resource Management Handbook', 'Handbook providing an introduction to HRM practices and policies.', 'http://example.com/human_resource_management_handbook.pdf', 'https://via.placeholder.com/200x200'),
(887, 100, NULL, 'Leadership and Management Textbook', 'Textbook exploring leadership theories and practices.', 'http://example.com/leadership_and_management_textbook.pdf', 'https://via.placeholder.com/200x200'),
(888, 101, NULL, 'Project Management Guide', 'Guide covering principles of planning, executing, and closing projects.', 'http://example.com/project_management_guide.pdf', 'https://via.placeholder.com/200x200'),
(889, 102, NULL, 'Business Ethics Handbook', 'Handbook studying ethical issues in business.', 'http://example.com/business_ethics_handbook.pdf', 'https://via.placeholder.com/200x200'),
(890, 103, NULL, 'Financial Markets Textbook', 'Textbook providing an overview of financial markets and instruments.', 'http://example.com/financial_markets_textbook.pdf', 'https://via.placeholder.com/200x200'),
(891, 104, NULL, 'Corporate Finance Guide', 'Guide covering the study of corporate financial management.', 'http://example.com/corporate_finance_guide.pdf', 'https://via.placeholder.com/200x200'),
(892, 105, NULL, 'Investment Analysis Handbook', 'Handbook detailing principles of investment analysis and portfolio management.', 'http://example.com/investment_analysis_handbook.pdf', 'https://via.placeholder.com/200x200'),
(893, 106, NULL, 'International Finance Textbook', 'Textbook studying financial management in an international context.', 'http://example.com/international_finance_textbook.pdf', 'https://via.placeholder.com/200x200'),
(894, 107, NULL, 'Financial Risk Management Guide', 'Guide providing strategies for managing financial risks.', 'http://example.com/financial_risk_management_guide.pdf', 'https://via.placeholder.com/200x200'),
(895, 108, NULL, 'Behavioral Finance Handbook', 'Handbook studying psychological influences on financial decision-making.', 'http://example.com/behavioral_finance_handbook.pdf', 'https://via.placeholder.com/200x200'),
(896, 109, NULL, 'Curriculum Design Textbook', 'Textbook covering principles of curriculum design and development.', 'http://example.com/curriculum_design_textbook.pdf', 'https://via.placeholder.com/200x200'),
(897, 110, NULL, 'Instructional Strategies Guide', 'Guide to effective instructional strategies for diverse classrooms.', 'http://example.com/instructional_strategies_guide.pdf', 'https://via.placeholder.com/200x200'),
(898, 111, NULL, 'Educational Assessment Handbook', 'Handbook detailing methods of educational assessment and evaluation.', 'http://example.com/educational_assessment_handbook.pdf', 'https://via.placeholder.com/200x200'),
(899, 112, NULL, 'Curriculum Innovation Manual', 'Manual exploring innovative approaches to curriculum development.', 'http://example.com/curriculum_innovation_manual.pdf', 'https://via.placeholder.com/200x200'),
(900, 113, NULL, 'Policy and Practice Textbook', 'Textbook examining educational policy and its impact on practice.', 'http://example.com/policy_and_practice_textbook.pdf', 'https://via.placeholder.com/200x200'),
(901, 114, NULL, 'Technology in Education Guide', 'Guide covering the integration of technology in educational settings.', 'http://example.com/technology_in_education_guide.pdf', 'https://via.placeholder.com/200x200'),
(902, 115, NULL, 'Cognitive Development Textbook', 'Textbook studying cognitive development in children and adolescents.', 'http://example.com/cognitive_development_textbook.pdf', 'https://via.placeholder.com/200x200'),
(903, 116, NULL, 'Learning Theories Handbook', 'Handbook examining major theories of learning.', 'http://example.com/learning_theories_handbook.pdf', 'https://via.placeholder.com/200x200'),
(904, 117, NULL, 'Educational Assessment Tools', 'Tools for assessing student learning.', 'http://example.com/educational_assessment_tools.pdf', 'https://via.placeholder.com/200x200'),
(905, 118, NULL, 'Motivation in Education Guide', 'Guide studying motivational theories and their application in education.', 'http://example.com/motivation_in_education_guide.pdf', 'https://via.placeholder.com/200x200'),
(906, 119, NULL, 'Classroom Management Manual', 'Manual detailing strategies for effective classroom management.', 'http://example.com/classroom_management_manual.pdf', 'https://via.placeholder.com/200x200'),
(907, 120, NULL, 'Special Education Needs Handbook', 'Handbook providing an overview of special educational needs and inclusive practices.', 'http://example.com/special_education_needs_handbook.pdf', 'https://via.placeholder.com/200x200'),
(908, 121, NULL, 'Inclusive Education Guide', 'Guide covering principles and practices of inclusive education.', 'http://example.com/inclusive_education_guide.pdf', 'https://via.placeholder.com/200x200'),
(909, 122, NULL, 'Disability Studies Textbook', 'Textbook examining disability from a social and educational perspective.', 'http://example.com/disability_studies_textbook.pdf', 'https://via.placeholder.com/200x200'),
(910, 123, NULL, 'Assistive Technology Handbook', 'Handbook covering the use of assistive technology in special education.', 'http://example.com/assistive_technology_handbook.pdf', 'https://via.placeholder.com/200x200'),
(911, 124, NULL, 'Behavioral Interventions Guide', 'Guide detailing behavioral strategies for students with special needs.', 'http://example.com/behavioral_interventions_guide.pdf', 'https://via.placeholder.com/200x200'),
(912, 125, NULL, 'Special Education Law Textbook', 'Textbook covering legal aspects of special education.', 'http://example.com/special_education_law_textbook.pdf', 'https://via.placeholder.com/200x200'),
(913, 126, NULL, 'Collaboration and Teaming Manual', 'Manual on collaborative practices in special education.', 'http://example.com/collaboration_and_teaming_manual.pdf', 'https://via.placeholder.com/200x200'),
(914, 127, NULL, 'Social Inequality Reader', 'Reader discussing various aspects of social inequality and stratification.', 'http://example.com/social_inequality_reader.pdf', 'https://via.placeholder.com/200x200'),
(915, 128, NULL, 'Sociological Theory Textbook', 'Textbook providing an overview of classical and contemporary sociological theories.', 'http://example.com/sociological_theory_textbook.pdf', 'https://via.placeholder.com/200x200'),
(916, 129, NULL, 'Research Methods Handbook', 'Handbook introducing sociological research methods.', 'http://example.com/research_methods_handbook.pdf', 'https://via.placeholder.com/200x200'),
(917, 130, NULL, 'Urban Sociology Guide', 'Guide to the study of urbanization and urban life.', 'http://example.com/urban_sociology_guide.pdf', 'https://via.placeholder.com/200x200'),
(918, 131, NULL, 'Gender Studies Reader', 'Reader exploring the topic of gender in society.', 'http://example.com/gender_studies_reader.pdf', 'https://via.placeholder.com/200x200'),
(919, 132, NULL, 'Globalization Textbook', 'Textbook examining globalization and its social impact.', 'http://example.com/globalization_textbook.pdf', 'https://via.placeholder.com/200x200'),
(920, 133, NULL, 'Political Theory Reader', 'Reader covering various political theories and ideologies.', 'http://example.com/political_theory_reader.pdf', 'https://via.placeholder.com/200x200'),
(921, 134, NULL, 'Comparative Politics Handbook', 'Handbook comparing political systems and governance in different countries.', 'http://example.com/comparative_politics_handbook.pdf', 'https://via.placeholder.com/200x200'),
(922, 135, NULL, 'International Relations Textbook', 'Textbook providing an overview of international relations and global politics.', 'http://example.com/international_relations_textbook.pdf', 'https://via.placeholder.com/200x200'),
(923, 136, NULL, 'Public Policy Guide', 'Guide to the analysis of public policy processes and implementation.', 'http://example.com/public_policy_guide.pdf', 'https://via.placeholder.com/200x200'),
(924, 137, NULL, 'Political Economy Reader', 'Reader exploring the relationship between politics and economics.', 'http://example.com/political_economy_reader.pdf', 'https://via.placeholder.com/200x200'),
(925, 138, NULL, 'Government and Politics Textbook', 'Textbook examining governmental structures and political processes.', 'http://example.com/government_and_politics_textbook.pdf', 'https://via.placeholder.com/200x200'),
(926, 139, NULL, 'Cultural Anthropology Reader', 'Reader providing insights into cultural practices and beliefs.', 'http://example.com/cultural_anthropology_reader.pdf', 'https://via.placeholder.com/200x200'),
(927, 140, NULL, 'Archaeological Methods Handbook', 'Handbook introducing archaeological methods and techniques.', 'http://example.com/archaeological_methods_handbook.pdf', 'https://via.placeholder.com/200x200'),
(928, 141, NULL, 'Anthropological Theory Textbook', 'Textbook examining key theoretical frameworks in anthropology.', 'http://example.com/anthropological_theory_textbook.pdf', 'https://via.placeholder.com/200x200'),
(929, 142, NULL, 'Ethnography Guide', 'Guide to methods and practices of ethnographic research.', 'http://example.com/ethnography_guide.pdf', 'https://via.placeholder.com/200x200'),
(930, 143, NULL, 'Human Evolution Reader', 'Reader exploring human biological and cultural evolution.', 'http://example.com/human_evolution_reader.pdf', 'https://via.placeholder.com/200x200'),
(931, 144, NULL, 'Anthropology of Religion Textbook', 'Textbook examining religious beliefs and practices across cultures.', 'http://example.com/anthropology_of_religion_textbook.pdf', 'https://via.placeholder.com/200x200'),
(932, 145, NULL, 'Sustainable Agriculture Handbook', 'Handbook covering principles and practices of sustainable agriculture.', 'http://example.com/sustainable_agriculture_handbook.pdf', 'https://via.placeholder.com/200x200'),
(933, 146, NULL, 'Plant Breeding Guide', 'Guide to techniques and principles of plant breeding.', 'http://example.com/plant_breeding_guide.pdf', 'https://via.placeholder.com/200x200'),
(934, 147, NULL, 'Crop Physiology Textbook', 'Textbook covering physiological processes in crop plants.', 'http://example.com/crop_physiology_textbook.pdf', 'https://via.placeholder.com/200x200'),
(935, 148, NULL, 'Soil Fertility Handbook', 'Handbook on the management of soil fertility and plant nutrition.', 'http://example.com/soil_fertility_handbook.pdf', 'https://via.placeholder.com/200x200'),
(936, 149, NULL, 'Pest Management Guide', 'Guide to integrated pest management strategies.', 'http://example.com/pest_management_guide.pdf', 'https://via.placeholder.com/200x200'),
(937, 150, NULL, 'Agroecology Reader', 'Reader exploring ecological principles applied to agricultural systems.', 'http://example.com/agroecology_reader.pdf', 'https://via.placeholder.com/200x200'),
(938, 151, NULL, 'Animal Nutrition Handbook', 'Handbook covering principles of animal nutrition and feed formulation.', 'http://example.com/animal_nutrition_handbook.pdf', 'https://via.placeholder.com/200x200'),
(939, 152, NULL, 'Livestock Management Guide', 'Guide to techniques and practices in livestock management.', 'http://example.com/livestock_management_guide.pdf', 'https://via.placeholder.com/200x200'),
(940, 153, NULL, 'Animal Genetics Textbook', 'Textbook providing a study of genetic principles in animal breeding.', 'http://example.com/animal_genetics_textbook.pdf', 'https://via.placeholder.com/200x200'),
(941, 154, NULL, 'Animal Health Handbook', 'Handbook introducing animal health and veterinary science.', 'http://example.com/animal_health_handbook.pdf', 'https://via.placeholder.com/200x200'),
(942, 155, NULL, 'Dairy Science Guide', 'Guide to the study of dairy production and management.', 'http://example.com/dairy_science_guide.pdf', 'https://via.placeholder.com/200x200'),
(943, 156, NULL, 'Poultry Science Textbook', 'Textbook covering principles and practices of poultry production.', 'http://example.com/poultry_science_textbook.pdf', 'https://via.placeholder.com/200x200'),
(944, 157, NULL, 'Soil Chemistry Handbook', 'Handbook covering chemical properties and processes in soils.', 'http://example.com/soil_chemistry_handbook.pdf', 'https://via.placeholder.com/200x200'),
(945, 158, NULL, 'Soil Physics Guide', 'Guide to physical properties and processes of soil.', 'http://example.com/soil_physics_guide.pdf', 'https://via.placeholder.com/200x200'),
(946, 159, NULL, 'Soil Fertility Management Handbook', 'Handbook on techniques for managing soil fertility.', 'http://example.com/soil_fertility_management_handbook.pdf', 'https://via.placeholder.com/200x200'),
(947, 160, NULL, 'Soil Conservation Guide', 'Guide to principles and practices of soil conservation.', 'http://example.com/soil_conservation_guide.pdf', 'https://via.placeholder.com/200x200'),
(948, 161, NULL, 'Environmental Soil Science Textbook', 'Textbook exploring the impact of soils on the environment.', 'http://example.com/environmental_soil_science_textbook.pdf', 'https://via.placeholder.com/200x200'),
(949, 162, NULL, 'Soil Microbiology Handbook', 'Handbook covering the study of microorganisms in soil.', 'http://example.com/soil_microbiology_handbook.pdf', 'https://via.placeholder.com/200x200'),
(950, 163, NULL, 'Environmental Impact Assessment Handbook', 'Handbook on methods for assessing environmental impacts.', 'http://example.com/environmental_impact_assessment_handbook.pdf', 'https://via.placeholder.com/200x200'),
(951, 164, NULL, 'Sustainability Management Guide', 'Guide to principles of sustainability and their application.', 'http://example.com/sustainability_management_guide.pdf', 'https://via.placeholder.com/200x200'),
(952, 165, NULL, 'Environmental Policy Textbook', 'Textbook studying environmental policy-making processes.', 'http://example.com/environmental_policy_textbook.pdf', 'https://via.placeholder.com/200x200'),
(953, 166, NULL, 'Climate Change Handbook', 'Handbook examining climate change and its impacts.', 'http://example.com/climate_change_handbook.pdf', 'https://via.placeholder.com/200x200'),
(954, 167, NULL, 'Waste Management Guide', 'Guide to techniques and practices in waste management.', 'http://example.com/waste_management_guide.pdf', 'https://via.placeholder.com/200x200'),
(955, 168, NULL, 'Environmental Law Textbook', 'Textbook covering legal frameworks for environmental protection.', 'http://example.com/environmental_law_textbook.pdf', 'https://via.placeholder.com/200x200'),
(956, 169, NULL, 'Forest Ecology Handbook', 'Handbook on the study of ecological processes in forests.', 'http://example.com/forest_ecology_handbook.pdf', 'https://via.placeholder.com/200x200'),
(957, 170, NULL, 'Silviculture Guide', 'Guide to principles and practices of silviculture.', 'http://example.com/silviculture_guide.pdf', 'https://via.placeholder.com/200x200'),
(958, 171, NULL, 'Forest Management Handbook', 'Handbook covering techniques for managing forest resources.', 'http://example.com/forest_management_handbook.pdf', 'https://via.placeholder.com/200x200'),
(959, 172, NULL, 'Forest Conservation Guide', 'Guide to principles of forest conservation and protection.', 'http://example.com/forest_conservation_guide.pdf', 'https://via.placeholder.com/200x200'),
(960, 173, NULL, 'Urban Forestry Textbook', 'Textbook studying forestry practices in urban environments.', 'http://example.com/urban_forestry_textbook.pdf', 'https://via.placeholder.com/200x200'),
(961, 174, NULL, 'Forest Policy Handbook', 'Handbook examining policies affecting forest management.', 'http://example.com/forest_policy_handbook.pdf', 'https://via.placeholder.com/200x200'),
(962, 175, NULL, 'Wildlife Ecology Textbook', 'Textbook covering the study of ecological principles in wildlife management.', 'http://example.com/wildlife_ecology_textbook.pdf', 'https://via.placeholder.com/200x200'),
(963, 176, NULL, 'Conservation Biology Guide', 'Guide to principles of conservation biology and its application.', 'http://example.com/conservation_biology_guide.pdf', 'https://via.placeholder.com/200x200'),
(964, 177, NULL, 'Wildlife Habitat Management Handbook', 'Handbook covering techniques for managing wildlife habitats.', 'http://example.com/wildlife_habitat_management_handbook.pdf', 'https://via.placeholder.com/200x200'),
(965, 178, NULL, 'Wildlife Law Textbook', 'Textbook examining legal frameworks for wildlife protection.', 'http://example.com/wildlife_law_textbook.pdf', 'https://via.placeholder.com/200x200'),
(966, 179, NULL, 'Wildlife Research Methods Guide', 'Guide to methods for conducting wildlife research.', 'http://example.com/wildlife_research_methods_guide.pdf', 'https://via.placeholder.com/200x200'),
(967, 180, NULL, 'Human-Wildlife Conflict Handbook', 'Handbook covering the study of conflicts between humans and wildlife and their resolution.', 'http://example.com/human_wildlife_conflict_handbook.pdf', 'https://via.placeholder.com/200x200'),
(968, 181, NULL, 'Software Development Textbook', 'Textbook covering principles of software development and lifecycle management.', 'http://example.com/software_development_textbook.pdf', 'https://via.placeholder.com/200x200'),
(969, 182, NULL, 'Systems Design Guide', 'Guide to advanced techniques in systems design and architecture.', 'http://example.com/systems_design_guide.pdf', 'https://via.placeholder.com/200x200'),
(970, 183, NULL, 'Agile Methodologies Handbook', 'Handbook introducing agile development methodologies.', 'http://example.com/agile_methodologies_handbook.pdf', 'https://via.placeholder.com/200x200'),
(971, 184, NULL, 'Software Testing Textbook', 'Textbook covering principles and practices of software testing.', 'http://example.com/software_testing_textbook.pdf', 'https://via.placeholder.com/200x200'),
(972, 185, NULL, 'Mobile App Development Guide', 'Guide to techniques for developing mobile applications.', 'http://example.com/mobile_app_development_guide.pdf', 'https://via.placeholder.com/200x200'),
(973, 186, NULL, 'Cloud Computing Handbook', 'Handbook covering the study of cloud computing principles and practices.', 'http://example.com/cloud_computing_handbook.pdf', 'https://via.placeholder.com/200x200'),
(974, 187, NULL, 'Information Systems Analysis Textbook', 'Textbook covering techniques for analyzing information systems.', 'http://example.com/information_systems_analysis_textbook.pdf', 'https://via.placeholder.com/200x200'),
(975, 188, NULL, 'Database Management Guide', 'Guide to principles of database design and management.', 'http://example.com/database_management_guide.pdf', 'https://via.placeholder.com/200x200'),
(976, 189, NULL, 'IT Project Management Handbook', 'Handbook introducing IT project management practices.', 'http://example.com/it_project_management_handbook.pdf', 'https://via.placeholder.com/200x200'),
(977, 190, NULL, 'Enterprise Systems Handbook', 'Handbook covering the study of enterprise resource planning systems.', 'http://example.com/enterprise_systems_handbook.pdf', 'https://via.placeholder.com/200x200'),
(978, 191, NULL, 'Business Intelligence Textbook', 'Textbook covering principles and practices of business intelligence.', 'http://example.com/business_intelligence_textbook.pdf', 'https://via.placeholder.com/200x200'),
(979, 192, NULL, 'Information Security Guide', 'Guide introducing information security principles.', 'http://example.com/information_security_guide.pdf', 'https://via.placeholder.com/200x200'),
(980, 193, NULL, 'Network Security Handbook', 'Handbook covering principles of network security and protocols.', 'http://example.com/network_security_handbook.pdf', 'https://via.placeholder.com/200x200'),
(981, 194, NULL, 'Cybersecurity Management Textbook', 'Textbook covering management practices in cybersecurity.', 'http://example.com/cybersecurity_management_textbook.pdf', 'https://via.placeholder.com/200x200'),
(982, 195, NULL, 'Ethical Hacking Guide', 'Guide introducing ethical hacking techniques.', 'http://example.com/ethical_hacking_guide.pdf', 'https://via.placeholder.com/200x200'),
(983, 196, NULL, 'Cryptography Handbook', 'Handbook covering the study of cryptographic principles and applications.', 'http://example.com/cryptography_handbook.pdf', 'https://via.placeholder.com/200x200'),
(984, 197, NULL, 'Incident Response Textbook', 'Textbook covering techniques for responding to cybersecurity incidents.', 'http://example.com/incident_response_textbook.pdf', 'https://via.placeholder.com/200x200'),
(985, 198, NULL, 'Digital Forensics Guide', 'Guide covering principles and practices of digital forensics.', 'http://example.com/digital_forensics_guide.pdf', 'https://via.placeholder.com/200x200'),
(986, 199, NULL, 'Investigative Journalism Handbook', 'Handbook covering techniques and practices of investigative journalism.', 'http://example.com/investigative_journalism_handbook.pdf', 'https://via.placeholder.com/200x200'),
(987, 200, NULL, 'Broadcast Journalism Textbook', 'Textbook covering principles and skills of broadcast journalism.', 'http://example.com/broadcast_journalism_textbook.pdf', 'https://via.placeholder.com/200x200'),
(988, 201, NULL, 'Digital Journalism Guide', 'Guide covering strategies for producing journalism in digital formats.', 'http://example.com/digital_journalism_guide.pdf', 'https://via.placeholder.com/200x200'),
(989, 202, NULL, 'Photojournalism Handbook', 'Handbook covering techniques of visual storytelling in journalism.', 'http://example.com/photojournalism_handbook.pdf', 'https://via.placeholder.com/200x200'),
(990, 203, NULL, 'Ethics in Journalism Textbook', 'Textbook covering ethical considerations in the practice of journalism.', 'http://example.com/ethics_in_journalism_textbook.pdf', 'https://via.placeholder.com/200x200'),
(991, 204, NULL, 'Journalism Writing Guide', 'Guide covering skills for effective writing in journalistic contexts.', 'http://example.com/journalism_writing_guide.pdf', 'https://via.placeholder.com/200x200'),
(992, 205, NULL, 'Strategic PR Planning Handbook', 'Handbook covering strategies for planning effective public relations campaigns.', 'http://example.com/strategic_pr_planning_handbook.pdf', 'https://via.placeholder.com/200x200'),
(993, 206, NULL, 'Media Relations Textbook', 'Textbook covering skills for managing relationships with the media.', 'http://example.com/media_relations_textbook.pdf', 'https://via.placeholder.com/200x200'),
(994, 207, NULL, 'Crisis Communication Guide', 'Guide covering strategies for managing communication during crises.', 'http://example.com/crisis_communication_guide.pdf', 'https://via.placeholder.com/200x200'),
(995, 208, NULL, 'Corporate PR Handbook', 'Handbook covering practices of public relations within corporate contexts.', 'http://example.com/corporate_pr_handbook.pdf', 'https://via.placeholder.com/200x200'),
(996, 209, NULL, 'Social Media PR Textbook', 'Textbook covering utilization of social media platforms for public relations purposes.', 'http://example.com/social_media_pr_textbook.pdf', 'https://via.placeholder.com/200x200'),
(997, 210, NULL, 'PR Campaign Management Guide', 'Guide covering skills for managing PR campaigns from conception to execution.', 'http://example.com/pr_campaign_management_guide.pdf', 'https://via.placeholder.com/200x200'),
(998, 211, NULL, 'Advertising Strategy Handbook', 'Handbook covering development of effective advertising strategies.', 'http://example.com/advertising_strategy_handbook.pdf', 'https://via.placeholder.com/200x200'),
(999, 212, NULL, 'Digital Advertising Textbook', 'Textbook covering utilization of digital platforms for advertising purposes.', 'http://example.com/digital_advertising_textbook.pdf', 'https://via.placeholder.com/200x200'),
(1000, 213, NULL, 'Branding and Identity Guide', 'Guide covering building and managing brand identity.', 'http://example.com/branding_and_identity_guide.pdf', 'https://via.placeholder.com/200x200'),
(1001, 214, NULL, 'Creative Advertising Handbook', 'Handbook covering techniques for creating compelling advertising content.', 'http://example.com/creative_advertising_handbook.pdf', 'https://via.placeholder.com/200x200'),
(1002, 215, NULL, 'Advertising Campaign Management Textbook', 'Textbook covering skills for managing advertising campaigns.', 'http://example.com/advertising_campaign_management_textbook.pdf', 'https://via.placeholder.com/200x200'),
(1003, 216, NULL, 'Consumer Behavior Guide', 'Guide covering understanding consumer behavior for effective advertising.', 'http://example.com/consumer_behavior_guide.pdf', 'https://via.placeholder.com/200x200');

-- --------------------------------------------------------

--
-- Table structure for table `news`
--

CREATE TABLE `news` (
  `news_id` int(11) NOT NULL,
  `title` varchar(255) NOT NULL,
  `content` text DEFAULT NULL,
  `publication_date` date DEFAULT NULL,
  `image` varchar(255) DEFAULT NULL
) ENGINE=InnoDB DEFAULT CHARSET=utf8mb4;

-- --------------------------------------------------------

--
-- Table structure for table `publications`
--

CREATE TABLE `publications` (
  `publication_id` int(11) NOT NULL,
  `staff_id` int(11) NOT NULL,
  `title` varchar(255) NOT NULL,
  `file` varchar(255) DEFAULT NULL,
  `description` varchar(255) DEFAULT NULL,
  `publication_date` date DEFAULT NULL
) ENGINE=InnoDB DEFAULT CHARSET=utf8mb4;

-- --------------------------------------------------------

--
-- Table structure for table `staff`
--

CREATE TABLE `staff` (
  `staff_id` int(11) NOT NULL,
  `department_id` int(11) NOT NULL,
  `name` varchar(100) NOT NULL,
  `role` varchar(100) DEFAULT 'Lecturer',
  `bio` text DEFAULT NULL,
  `email` varchar(100) DEFAULT NULL,
  `password` varchar(255) DEFAULT NULL,
  `age` int(11) DEFAULT NULL,
  `gender` varchar(10) DEFAULT NULL,
  `qualification` varchar(255) DEFAULT NULL,
  `image` varchar(255) DEFAULT NULL
) ENGINE=InnoDB DEFAULT CHARSET=utf8mb4;

--
-- Dumping data for table `staff`
--

INSERT INTO `staff` (`staff_id`, `department_id`, `name`, `role`, `bio`, `email`, `password`, `age`, `gender`, `qualification`, `image`) VALUES
(1, 1, 'John Doe', 'Lecturer', 'Dr. John Doe is a renowned physicist with a focus on quantum mechanics. His research has been published in numerous high-impact journals.', 'john.doe@university.edu', 'password123!', NULL, 'Male', 'PhD in Physics, M in Physics', 'https://via.placeholder.com/200x200'),
(2, 1, 'Jane Smith', 'Lecturer', 'Jane Smith has extensive experience in teaching undergraduate physics and has been a lecturer for over 10 years.', 'jane.smith@university.edu', 'password123!', NULL, 'Female', 'M in Physics', 'https://via.placeholder.com/200x200'),
(3, 2, 'Alice Brown', 'Lecturer', 'Dr. Alice Brown specializes in organic chemistry and has been awarded multiple grants for her research.', 'alice.brown@university.edu', 'password123!', NULL, 'Female', 'PhD in Chemistry, M in Chemistry', 'https://via.placeholder.com/200x200'),
(4, 2, 'Bob Green', 'Lecturer', 'Bob Green is a dedicated educator with a strong background in chemical engineering and laboratory management.', 'bob.green@university.edu', 'password123!', NULL, 'Male', 'M in Chemistry', 'https://via.placeholder.com/200x200'),
(5, 2, 'Charlie Black', 'Lecturer', 'Dr. Charlie Black focuses on environmental chemistry and sustainable solutions. He has published several papers on pollution control.', 'charlie.black@university.edu', 'password123!', NULL, 'Male', 'PhD in Chemistry, M in Chemistry', 'https://via.placeholder.com/200x200'),
(6, 3, 'Diana White', 'Lecturer', 'Dr. Diana White is an expert in molecular biology with numerous accolades for her work on genetic research.', 'diana.white@university.edu', 'password123!', NULL, 'Female', 'PhD in Biology, M in Biology', 'https://via.placeholder.com/200x200'),
(7, 3, 'Evan Blue', 'Lecturer', 'Evan Blue has a rich teaching history in biological sciences and has contributed to various educational initiatives.', 'evan.blue@university.edu', 'password123!', NULL, 'Male', 'M in Biology', 'https://via.placeholder.com/200x200'),
(8, 3, 'Fiona Gray', 'Lecturer', 'Dr. Fiona Grays research interests lie in cellular biology, and she is a key member of several interdisciplinary projects.', 'fiona.gray@university.edu', 'password123!', NULL, 'Female', 'PhD in Biology, M in Biology', 'https://via.placeholder.com/200x200'),
(9, 4, 'George Brown', 'Lecturer', 'Dr. George Brown is a distinguished historian with a focus on medieval history and has published multiple books on the subject.', 'george.brown@university.edu', 'password123!', NULL, 'Male', 'PhD in History, M in History', 'https://via.placeholder.com/200x200'),
(10, 4, 'Hannah Green', 'Lecturer', 'Hannah Green is a well-respected lecturer with expertise in modern history and educational outreach.', 'hannah.green@university.edu', 'password123!', NULL, 'Female', 'M in History', 'https://via.placeholder.com/200x200'),
(11, 4, 'Isaac Black', 'Lecturer', 'Dr. Isaac Blacks research encompasses ancient civilizations, and he is known for his engaging lecture style.', 'isaac.black@university.edu', 'password123!', NULL, 'Male', 'PhD in History, M in History', 'https://via.placeholder.com/200x200'),
(12, 5, 'Jack White', 'Lecturer', 'Dr. Jack White specializes in existentialism and has contributed significantly to philosophical discourse.', 'jack.white@university.edu', 'password123!', NULL, 'Male', 'PhD in Philosophy, M in Philosophy', 'https://via.placeholder.com/200x200'),
(13, 5, 'Karen Blue', 'Lecturer', 'Karen Blue has extensive experience teaching philosophy and is known for her insightful lectures.', 'karen.blue@university.edu', 'password123!', NULL, 'Female', 'M in Philosophy', 'https://via.placeholder.com/200x200'),
(14, 5, 'Louis Gray', 'Lecturer', 'Dr. Louis Grays work in metaphysics has been widely recognized, and he regularly presents at international conferences.', 'louis.gray@university.edu', 'password123!', NULL, 'Male', 'PhD in Philosophy, M in Philosophy', 'https://via.placeholder.com/200x200'),
(15, 6, 'Mia Red', 'Lecturer', 'Dr. Mia Red is a linguistics expert with numerous publications on language acquisition and syntax.', 'mia.red@university.edu', 'password123!', NULL, 'Female', 'PhD in Linguistics, M in Linguistics', 'https://via.placeholder.com/200x200'),
(16, 6, 'Nate Brown', 'Lecturer', 'Nate Brown has a solid background in teaching multiple languages and developing innovative language learning programs.', 'nate.brown@university.edu', 'password123!', NULL, 'Male', 'M in Linguistics', 'https://via.placeholder.com/200x200'),
(17, 6, 'Olivia Green', 'Lecturer', 'Dr. Olivia Greens research focuses on sociolinguistics and language policy, and she has been an advisor on several governmental projects.', 'olivia.green@university.edu', 'password123!', NULL, 'Female', 'PhD in Linguistics, M in Linguistics', 'https://via.placeholder.com/200x200'),
(18, 7, 'Paul Black', 'Lecturer', 'Dr. Paul Black is a leading figure in mechanical engineering, with a focus on robotics and automation.', 'paul.black@university.edu', 'password123!', NULL, 'Male', 'PhD in Mechanical Engineering, M in Mechanical Engineering', 'https://via.placeholder.com/200x200'),
(19, 7, 'Quinn White', 'Lecturer', 'Quinn White has a strong background in industrial engineering and has been a consultant for various manufacturing firms.', 'quinn.white@university.edu', 'password123!', NULL, 'Male', 'M in Mechanical Engineering', 'https://via.placeholder.com/200x200'),
(20, 7, 'Rachel Blue', 'Lecturer', 'Dr. Rachel Blue specializes in thermodynamics and fluid mechanics, with several patents to her name.', 'rachel.blue@university.edu', 'password123!', NULL, 'Female', 'PhD in Mechanical Engineering, M in Mechanical Engineering', 'https://via.placeholder.com/200x200'),
(21, 8, 'Steve Gray', 'Lecturer', 'Dr. Steve Gray is an expert in structural engineering and has overseen numerous major construction projects.', 'steve.gray@university.edu', 'password123!', NULL, 'Male', 'PhD in Civil Engineering, M in Civil Engineering', 'https://via.placeholder.com/200x200'),
(22, 8, 'Tina Red', 'Lecturer', 'Tina Reds expertise lies in environmental engineering and sustainable development practices.', 'tina.red@university.edu', 'password123!', NULL, 'Female', 'M in Civil Engineering', 'https://via.placeholder.com/200x200'),
(23, 8, 'Uma Black', 'Lecturer', 'Dr. Uma Black focuses on geotechnical engineering and has published widely on soil mechanics.', 'uma.black@university.edu', 'password123!', NULL, 'Female', 'PhD in Civil Engineering, M in Civil Engineering', 'https://via.placeholder.com/200x200'),
(24, 9, 'Vince White', 'Lecturer', 'Dr. Vince White is a renowned researcher in power systems and renewable energy technologies.', 'vince.white@university.edu', 'password123!', NULL, 'Male', 'PhD in Electrical Engineering, M in Electrical Engineering', 'https://via.placeholder.com/200x200'),
(25, 9, 'Wendy Blue', 'Lecturer', 'Wendy Blue has extensive experience in telecommunications and has worked with several leading tech companies.', 'wendy.blue@university.edu', 'password123!', NULL, 'Female', 'M in Electrical Engineering', 'https://via.placeholder.com/200x200'),
(26, 9, 'Xander Gray', 'Lecturer', 'Dr. Xander Gray is an expert in microelectronics and has contributed to significant advancements in semiconductor technology.', 'xander.gray@university.edu', 'password123!', NULL, 'Male', 'PhD in Electrical Engineering, M in Electrical Engineering', 'https://via.placeholder.com/200x200'),
(27, 10, 'Yara Red', 'Lecturer', 'Dr. Yara Red is a top surgeon specializing in minimally invasive techniques and has trained many residents.', 'yara.red@university.edu', 'password123!', NULL, 'Female', 'PhD in Medicine, M in Surgery', 'https://via.placeholder.com/200x200'),
(28, 10, 'Zach Brown', 'Lecturer', 'Zach Brown is an experienced general surgeon with a focus on patient-centered care and medical education.', 'zach.brown@university.edu', 'password123!', NULL, 'Male', 'M in Surgery', 'https://via.placeholder.com/200x200'),
(29, 10, 'Anna White', 'Lecturer', 'Dr. Anna White has a distinguished career in cardiovascular surgery and has pioneered several innovative procedures.', 'anna.white@university.edu', 'password123!', NULL, 'Female', 'PhD in Surgery, M in Surgery', 'https://via.placeholder.com/200x200'),
(30, 11, 'Ben Green', 'Lecturer', 'Dr. Ben Green is a pediatric specialist with a focus on developmental disorders and child health.', 'ben.green@university.edu', 'password123!', NULL, 'Male', 'PhD in Pediatrics, M in Pediatrics', 'https://via.placeholder.com/200x200'),
(31, 11, 'Cara Black', 'Lecturer', 'Cara Black has extensive clinical experience in pediatrics and is known for her compassionate approach to child care.', 'cara.black@university.edu', 'password123!', NULL, 'Female', 'M in Pediatrics', 'https://via.placeholder.com/200x200'),
(32, 11, 'Derek White', 'Lecturer', 'Dr. Derek White is involved in pediatric research and has published widely on infectious diseases in children.', 'derek.white@university.edu', 'password123!', NULL, 'Male', 'PhD in Pediatrics, M in Pediatrics', 'https://via.placeholder.com/200x200'),
(33, 12, 'Ella Blue', 'Lecturer', 'Dr. Ella Blue is a renowned psychiatrist with a focus on mood disorders and has received several awards for her clinical work.', 'ella.blue@university.edu', 'password123!', NULL, 'Female', 'PhD in Psychiatry, M in Psychiatry', 'https://via.placeholder.com/200x200'),
(34, 12, 'Frank Black', 'Lecturer', 'Frank Black has extensive experience in psychiatric care and has been a mentor to many young psychiatrists.', 'frank.black@university.edu', 'password123!', NULL, 'Male', 'M in Psychiatry', 'https://via.placeholder.com/200x200'),
(35, 12, 'Gina Red', 'Lecturer', 'Dr. Gina Red specializes in adolescent psychiatry and has contributed significantly to mental health research.', 'gina.red@university.edu', 'password123!', NULL, 'Female', 'PhD in Psychiatry, M in Psychiatry', 'https://via.placeholder.com/200x200'),
(36, 13, 'Henry Green', 'Lecturer', 'Dr. Henry Green is an expert in constitutional law and has been a key advisor on several high-profile legal reforms.', 'henry.green@university.edu', 'password123!', NULL, 'Male', 'PhD in Law, M in Public Law', 'https://via.placeholder.com/200x200'),
(37, 13, 'Ivy Black', 'Lecturer', 'Ivy Black has a strong background in public law and has been involved in various policy-making processes.', 'ivy.black@university.edu', 'password123!', NULL, 'Female', 'M in Public Law', 'https://via.placeholder.com/200x200'),
(38, 14, 'Jake White', 'Lecturer', 'Dr. Jake White is a leading figure in private law with numerous publications and a wealth of teaching experience.', 'jake.white@university.edu', 'password123!', NULL, 'Male', 'PhD in Law, M in Private Law', 'https://via.placeholder.com/200x200'),
(39, 14, 'Kim Blue', 'Lecturer', 'Kim Blue has extensive legal practice experience and has been a mentor to many young lawyers.', 'kim.blue@university.edu', 'password123!', NULL, 'Female', 'M in Private Law', 'https://via.placeholder.com/200x200'),
(40, 15, 'Liam Black', 'Lecturer', 'Dr. Liam Black is an expert in international law and has been involved in several high-profile international legal cases.', 'liam.black@university.edu', 'password123!', NULL, 'Male', 'PhD in Law, M in International Law', 'https://via.placeholder.com/200x200'),
(41, 15, 'Nina White', 'Lecturer', 'Nina White has extensive experience in international legal frameworks and has worked with various global organizations.', 'nina.white@university.edu', 'password123!', NULL, 'Female', 'M in International Law', 'https://via.placeholder.com/200x200'),
(42, 16, 'Oscar Green', 'Lecturer', 'Dr. Oscar Green is a renowned accountant with a focus on forensic accounting and has been a consultant for several multinational firms.', 'oscar.green@university.edu', 'password123!', NULL, 'Male', 'PhD in Accounting, M in Accounting', 'https://via.placeholder.com/200x200'),
(43, 16, 'Paula Black', 'Lecturer', 'Paula Black has a solid background in financial accounting and has contributed to various academic publications.', 'paula.black@university.edu', 'password123!', NULL, 'Female', 'M in Accounting', 'https://via.placeholder.com/200x200'),
(44, 17, 'Quincy White', 'Lecturer', 'Dr. Quincy White specializes in strategic management and has published extensively on organizational behavior.', 'quincy.white@university.edu', 'password123!', NULL, 'Male', 'PhD in Management, M in Management', 'https://via.placeholder.com/200x200'),
(45, 17, 'Rachel Blue', 'Lecturer', 'Rachel Blue has a wealth of experience in human resource management and has been an advisor to several leading companies.', 'rachel.blue@university.edu', 'password123!', NULL, 'Female', 'M in Management', 'https://via.placeholder.com/200x200'),
(46, 18, 'Steve Gray', 'Lecturer', 'Dr. Steve Gray is an expert in financial markets and has been a keynote speaker at numerous international conferences.', 'steve.gray@university.edu', 'password123!', NULL, 'Male', 'PhD in Finance, M in Finance', 'https://via.placeholder.com/200x200'),
(47, 18, 'Tina Red', 'Lecturer', 'Tina Red has a strong background in corporate finance and has been involved in various high-profile financial projects.', 'tina.red@university.edu', 'password123!', NULL, 'Female', 'M in Finance', 'https://via.placeholder.com/200x200'),
(48, 19, 'Uma Black', 'Lecturer', 'Dr. Uma Black is an expert in curriculum development and has been instrumental in designing innovative educational programs.', 'uma.black@university.edu', 'password123!', NULL, 'Female', 'PhD in Education, M in Curriculum Studies', 'https://via.placeholder.com/200x200'),
(49, 19, 'Vince White', 'Lecturer', 'Vince White has a wealth of experience in educational policy and has been a consultant for various educational institutions.', 'vince.white@university.edu', 'password123!', NULL, 'Male', 'M in Curriculum Studies', 'https://via.placeholder.com/200x200'),
(50, 20, 'Wendy Blue', 'Lecturer', 'Dr. Wendy Blue specializes in cognitive development and has published extensively on learning processes.', 'wendy.blue@university.edu', 'password123!', NULL, 'Female', 'PhD in Educational Psychology, M in Educational Psychology', 'https://via.placeholder.com/200x200'),
(51, 20, 'Xander Gray', 'Lecturer', 'Xander Gray has a strong background in psychological assessment and has been a key figure in educational psychology.', 'xander.gray@university.edu', 'password123!', NULL, 'Male', 'M in Educational Psychology', 'https://via.placeholder.com/200x200'),
(52, 21, 'Yara Red', 'Lecturer', 'Dr. Yara Red is an expert in special education and has been involved in various initiatives to support students with special needs.', 'yara.red@university.edu', 'password123!', NULL, 'Female', 'PhD in Special Education, M in Special Education', 'https://via.placeholder.com/200x200'),
(53, 21, 'Zach Brown', 'Lecturer', 'Zach Brown has a strong background in inclusive education and has been a mentor to many special education teachers.', 'zach.brown@university.edu', 'password123!', NULL, 'Male', 'M in Special Education', 'https://via.placeholder.com/200x200'),
(54, 22, 'Anna White', 'Lecturer', 'Dr. Anna White is a renowned sociologist with a focus on social inequality and has published widely in the field.', 'anna.white@university.edu', 'password123!', NULL, 'Female', 'PhD in Sociology, M in Sociology', 'https://via.placeholder.com/200x200'),
(55, 22, 'Ben Green', 'Lecturer', 'Ben Green has a wealth of experience in sociological research and has been a keynote speaker at various conferences.', 'ben.green@university.edu', 'password123!', NULL, 'Male', 'M in Sociology', 'https://via.placeholder.com/200x200'),
(56, 23, 'Cara Black', 'Lecturer', 'Dr. Cara Black specializes in political theory and has been a consultant for several governmental organizations.', 'cara.black@university.edu', 'password123!', NULL, 'Female', 'PhD in Political Science, M in Political Science', 'https://via.placeholder.com/200x200'),
(57, 23, 'Derek White', 'Lecturer', 'Derek White has a strong background in comparative politics and has been a mentor to many political science students.', 'derek.white@university.edu', 'password123!', NULL, 'Male', 'M in Political Science', 'https://via.placeholder.com/200x200'),
(58, 24, 'Ella Blue', 'Lecturer', 'Dr. Ella Blue is a leading anthropologist with a focus on cultural anthropology and has conducted extensive fieldwork.', 'ella.blue@university.edu', 'password123!', NULL, 'Female', 'PhD in Anthropology, M in Anthropology', 'https://via.placeholder.com/200x200'),
(59, 24, 'Frank Black', 'Lecturer', 'Frank Black has a strong background in archaeological anthropology and has been involved in various excavations.', 'frank.black@university.edu', 'password123!', NULL, 'Male', 'M in Anthropology', 'https://via.placeholder.com/200x200'),
(60, 25, 'Gina Red', 'Lecturer', 'Dr. Gina Red is an expert in crop science and has been involved in several research projects on sustainable agriculture.', 'gina.red@university.edu', 'password123!', NULL, 'Female', 'PhD in Crop Science, M in Crop Science', 'https://via.placeholder.com/200x200'),
(61, 25, 'Henry Green', 'Lecturer', 'Henry Green has a wealth of experience in crop production and has been a consultant for various agricultural firms.', 'henry.green@university.edu', 'password123!', NULL, 'Male', 'M in Crop Science', 'https://via.placeholder.com/200x200'),
(62, 26, 'Ivy Black', 'Lecturer', 'Dr. Ivy Black is a leading figure in animal science with numerous publications on livestock management.', 'ivy.black@university.edu', 'password123!', NULL, 'Female', 'PhD in Animal Science, M in Animal Science', 'https://via.placeholder.com/200x200'),
(63, 26, 'Jake White', 'Lecturer', 'Jake White has a strong background in animal husbandry and has been a mentor to many animal science students.', 'jake.white@university.edu', 'password123!', NULL, 'Male', 'M in Animal Science', 'https://via.placeholder.com/200x200'),
(64, 27, 'Kim Blue', 'Lecturer', 'Dr. Kim Blue is an expert in soil science and has been involved in various soil conservation projects.', 'kim.blue@university.edu', 'password123!', NULL, 'Female', 'PhD in Soil Science, M in Soil Science', 'https://via.placeholder.com/200x200'),
(65, 27, 'Liam Black', 'Lecturer', 'Liam Black has extensive experience in soil management and has been a consultant for several environmental firms.', 'liam.black@university.edu', 'password123!', NULL, 'Male', 'M in Soil Science', 'https://via.placeholder.com/200x200'),
(66, 28, 'Mia White', 'Lecturer', 'Dr. Mia White is a renowned expert in environmental management and has been involved in several sustainability initiatives.', 'mia.white@university.edu', 'password123!', NULL, 'Female', 'PhD in Environmental Management, M in Environmental Management', 'https://via.placeholder.com/200x200'),
(67, 28, 'Nina Green', 'Lecturer', 'Nina Green has a wealth of experience in environmental policy and has been a consultant for various government agencies.', 'nina.green@university.edu', 'password123!', NULL, 'Female', 'M in Environmental Management', 'https://via.placeholder.com/200x200'),
(68, 29, 'Oscar Black', 'Lecturer', 'Dr. Oscar Black is an expert in forestry and has been involved in numerous reforestation projects worldwide.', 'oscar.black@university.edu', 'password123!', NULL, 'Male', 'PhD in Forestry, M in Forestry', 'https://via.placeholder.com/200x200'),
(69, 29, 'Paula White', 'Lecturer', 'Paula White has extensive experience in forest management and has been a consultant for various environmental organizations.', 'paula.white@university.edu', 'password123!', NULL, 'Female', 'M in Forestry', 'https://via.placeholder.com/200x200'),
(70, 30, 'Quincy Green', 'Lecturer', 'Dr. Quincy Green is a leading expert in wildlife management and has been involved in various conservation projects.', 'quincy.green@university.edu', 'password123!', NULL, 'Male', 'PhD in Wildlife Management, M in Wildlife Management', 'https://via.placeholder.com/200x200'),
(71, 30, 'Rachel Black', 'Lecturer', 'Rachel Black has a strong background in wildlife conservation and has been a mentor to many young conservationists.', 'rachel.black@university.edu', 'password123!', NULL, 'Female', 'M in Wildlife Management', 'https://via.placeholder.com/200x200'),
(72, 31, 'Steve White', 'Lecturer', 'Dr. Steve White is an expert in software engineering and has led several large-scale software development projects.', 'steve.white@university.edu', 'password123!', NULL, 'Male', 'PhD in Software Engineering, M in Software Engineering', 'https://via.placeholder.com/200x200'),
(73, 31, 'Tina Black', 'Lecturer', 'Tina Black has a wealth of experience in software design and has been a consultant for various tech firms.', 'tina.black@university.edu', 'password123!', NULL, 'Female', 'M in Software Engineering', 'https://via.placeholder.com/200x200'),
(74, 32, 'Uma Green', 'Lecturer', 'Dr. Uma Green is a renowned expert in information systems and has been involved in numerous IT infrastructure projects.', 'uma.green@university.edu', 'password123!', NULL, 'Female', 'PhD in Information Systems, M in Information Systems', 'https://via.placeholder.com/200x200'),
(75, 32, 'Vince Black', 'Lecturer', 'Vince Black has extensive experience in systems analysis and has been a mentor to many IT professionals.', 'vince.black@university.edu', 'password123!', NULL, 'Male', 'M in Information Systems', 'https://via.placeholder.com/200x200'),
(76, 33, 'Wendy White', 'Lecturer', 'Dr. Wendy White is a leading expert in cyber security and has been involved in several high-profile security projects.', 'wendy.white@university.edu', 'password123!', NULL, 'Female', 'PhD in Cyber Security, M in Cyber Security', 'https://via.placeholder.com/200x200'),
(77, 33, 'Xander Green', 'Lecturer', 'Xander Green has a strong background in network security and has been a consultant for various government agencies.', 'xander.green@university.edu', 'password123!', NULL, 'Male', 'M in Cyber Security', 'https://via.placeholder.com/200x200'),
(78, 34, 'Yara Blue', 'Lecturer', 'Dr. Yara Blue is a renowned journalist with a focus on investigative journalism and has been awarded for her outstanding reporting.', 'yara.blue@university.edu', 'password123!', NULL, 'Female', 'PhD in Journalism, M in Journalism', 'https://via.placeholder.com/200x200'),
(79, 34, 'Zach Black', 'Lecturer', 'Zach Black has a wealth of experience in broadcast journalism and has been a mentor to many young journalists.', 'zach.black@university.edu', 'password123!', NULL, 'Male', 'M in Journalism', 'https://via.placeholder.com/200x200'),
(80, 35, 'Ava White', 'Lecturer', 'Dr. Ava White is an expert in public relations and has been involved in several high-profile PR campaigns.', 'ava.white@university.edu', 'password123!', NULL, 'Female', 'PhD in Public Relations, M in Public Relations', 'https://via.placeholder.com/200x200'),
(81, 35, 'Ben Black', 'Lecturer', 'Ben Black has extensive experience in media relations and has been a consultant for various corporate firms.', 'ben.black@university.edu', 'password123!', NULL, 'Male', 'M in Public Relations', 'https://via.placeholder.com/200x200'),
(82, 36, 'Cara Green', 'Lecturer', 'Dr. Cara Green is a leading figure in advertising with numerous successful campaigns to her name.', 'cara.green@university.edu', 'password123!', NULL, 'Female', 'PhD in Advertising, M in Advertising', 'https://via.placeholder.com/200x200'),
(83, 36, 'Derek Black', 'Lecturer', 'Derek Black has a wealth of experience in digital advertising and has been a consultant for various brands.', 'derek.black@university.edu', 'password123!', NULL, 'Male', 'M in Advertising', 'https://via.placeholder.com/200x200');

--
-- Indexes for dumped tables
--

--
-- Indexes for table `courses`
--
ALTER TABLE `courses`
  ADD PRIMARY KEY (`course_id`),
  ADD KEY `department_id` (`department_id`),
  ADD KEY `staff_id` (`staff_id`);

--
-- Indexes for table `department`
--
ALTER TABLE `department`
  ADD PRIMARY KEY (`department_id`),
  ADD KEY `faculty_id` (`faculty_id`);

--
-- Indexes for table `faculty`
--
ALTER TABLE `faculty`
  ADD PRIMARY KEY (`faculty_id`);

--
-- Indexes for table `materials`
--
ALTER TABLE `materials`
  ADD PRIMARY KEY (`material_id`),
  ADD KEY `course_id` (`course_id`),
  ADD KEY `staff_id` (`staff_id`);

--
-- Indexes for table `news`
--
ALTER TABLE `news`
  ADD PRIMARY KEY (`news_id`);

--
-- Indexes for table `publications`
--
ALTER TABLE `publications`
  ADD PRIMARY KEY (`publication_id`),
  ADD KEY `staff_id` (`staff_id`);

--
-- Indexes for table `staff`
--
ALTER TABLE `staff`
  ADD PRIMARY KEY (`staff_id`),
  ADD KEY `department_id` (`department_id`);

--
-- AUTO_INCREMENT for dumped tables
--

--
-- AUTO_INCREMENT for table `courses`
--
ALTER TABLE `courses`
  MODIFY `course_id` int(11) NOT NULL AUTO_INCREMENT, AUTO_INCREMENT=217;

--
-- AUTO_INCREMENT for table `department`
--
ALTER TABLE `department`
  MODIFY `department_id` int(11) NOT NULL AUTO_INCREMENT, AUTO_INCREMENT=37;

--
-- AUTO_INCREMENT for table `faculty`
--
ALTER TABLE `faculty`
  MODIFY `faculty_id` int(11) NOT NULL AUTO_INCREMENT, AUTO_INCREMENT=13;

--
-- AUTO_INCREMENT for table `materials`
--
ALTER TABLE `materials`
  MODIFY `material_id` int(11) NOT NULL AUTO_INCREMENT, AUTO_INCREMENT=1004;

--
-- AUTO_INCREMENT for table `news`
--
ALTER TABLE `news`
  MODIFY `news_id` int(11) NOT NULL AUTO_INCREMENT;

--
-- AUTO_INCREMENT for table `publications`
--
ALTER TABLE `publications`
  MODIFY `publication_id` int(11) NOT NULL AUTO_INCREMENT;

--
-- AUTO_INCREMENT for table `staff`
--
ALTER TABLE `staff`
  MODIFY `staff_id` int(11) NOT NULL AUTO_INCREMENT, AUTO_INCREMENT=84;

--
-- Constraints for dumped tables
--

--
-- Constraints for table `courses`
--
ALTER TABLE `courses`
  ADD CONSTRAINT `courses_ibfk_1` FOREIGN KEY (`department_id`) REFERENCES `department` (`department_id`),
  ADD CONSTRAINT `courses_ibfk_2` FOREIGN KEY (`staff_id`) REFERENCES `staff` (`staff_id`);

--
-- Constraints for table `department`
--
ALTER TABLE `department`
  ADD CONSTRAINT `department_ibfk_1` FOREIGN KEY (`faculty_id`) REFERENCES `faculty` (`faculty_id`);

--
-- Constraints for table `materials`
--
ALTER TABLE `materials`
  ADD CONSTRAINT `materials_ibfk_1` FOREIGN KEY (`course_id`) REFERENCES `courses` (`course_id`),
  ADD CONSTRAINT `materials_ibfk_2` FOREIGN KEY (`staff_id`) REFERENCES `staff` (`staff_id`);

--
-- Constraints for table `publications`
--
ALTER TABLE `publications`
  ADD CONSTRAINT `publications_ibfk_1` FOREIGN KEY (`staff_id`) REFERENCES `staff` (`staff_id`);

--
-- Constraints for table `staff`
--
ALTER TABLE `staff`
  ADD CONSTRAINT `staff_ibfk_1` FOREIGN KEY (`department_id`) REFERENCES `department` (`department_id`);
COMMIT;

/*!40101 SET CHARACTER_SET_CLIENT=@OLD_CHARACTER_SET_CLIENT */;
/*!40101 SET CHARACTER_SET_RESULTS=@OLD_CHARACTER_SET_RESULTS */;
/*!40101 SET COLLATION_CONNECTION=@OLD_COLLATION_CONNECTION */;
